,rewards,spoiled_grass
0,0,6
1,0,31
2,0,42
3,0,35
4,0,32
5,1,26
6,1,23
7,0,20
8,0,26
9,0,36
10,0,16
11,1,28
12,0,15
13,0,29
14,0,29
15,0,24
16,0,27
17,0,18
18,0,39
19,0,18
20,0,25
21,1,29
22,0,41
23,1,17
24,0,26
25,0,20
26,1,44
27,0,17
28,0,16
29,0,31
30,1,17
31,0,25
32,0,15
33,0,41
34,0,42
35,1,33
36,1,21
37,1,21
38,1,30
39,1,35
40,1,21
41,0,24
42,1,20
43,1,31
44,1,20
45,0,43
46,1,32
47,1,16
48,0,34
49,1,27
50,1,27
51,1,21
52,1,30
53,1,30
54,1,24
55,1,33
56,1,31
57,1,27
58,1,20
59,1,19
60,1,21
61,0,22
62,1,15
63,1,33
64,1,30
65,1,21
66,1,30
67,1,30
68,1,19
69,1,26
70,1,29
71,1,29
72,1,16
73,1,24
74,1,22
75,1,32
76,1,20
77,1,29
78,1,16
79,1,13
80,1,20
81,1,20
82,1,16
83,1,22
84,1,17
85,1,26
86,1,27
87,1,31
88,1,21
89,1,13
90,1,26
91,1,12
92,1,12
93,1,25
94,1,13
95,1,23
96,1,21
97,1,12
98,1,24
99,1,17
100,1,25
101,1,23
102,1,28
103,1,12
104,1,9
105,1,19
106,1,20
107,1,19
108,1,15
109,1,12
110,1,18
111,1,23
112,1,11
113,1,19
114,1,16
115,1,27
116,1,27
117,1,22
118,1,8
119,1,26
120,1,15
121,1,21
122,1,26
123,1,24
124,1,18
125,1,13
126,1,18
127,1,18
128,1,24
129,1,25
130,1,11
131,1,26
132,1,19
133,1,28
134,1,13
135,1,23
136,1,20
137,1,25
138,1,19
139,1,18
140,1,17
141,1,20
142,1,19
143,1,11
144,1,20
145,1,8
146,1,21
147,1,25
148,1,20
149,1,12
150,1,15
151,1,21
152,1,24
153,1,10
154,1,18
155,1,20
156,1,25
157,1,19
158,1,20
159,1,15
160,1,21
161,1,19
162,1,22
163,1,21
164,1,14
165,1,16
166,1,22
167,1,20
168,1,15
169,1,32
170,1,26
171,1,21
172,1,23
173,1,26
174,1,20
175,1,23
176,1,15
177,1,17
178,1,14
179,1,14
180,1,19
181,1,11
182,1,20
183,1,21
184,1,15
185,1,16
186,1,14
187,1,16
188,1,14
189,1,11
190,1,28
191,1,16
192,1,21
193,1,17
194,1,15
195,1,15
196,1,24
197,1,17
198,1,22
199,1,17
200,1,17
201,1,18
202,1,12
203,1,18
204,1,10
205,1,18
206,1,17
207,1,8
208,1,11
209,1,20
210,1,16
211,1,20
212,1,18
213,1,18
214,1,11
215,1,9
216,1,12
217,1,13
218,1,15
219,1,19
220,1,17
221,1,16
222,1,18
223,1,20
224,1,20
225,1,8
226,1,17
227,1,14
228,1,16
229,1,13
230,1,19
231,1,10
232,1,14
233,1,18
234,1,15
235,1,19
236,1,11
237,1,15
238,1,13
239,1,20
240,1,12
241,1,13
242,1,14
243,1,16
244,1,23
245,1,21
246,1,5
247,1,4
248,1,22
249,1,4
250,1,20
251,1,22
252,1,33
253,1,19
254,1,18
255,1,12
256,1,34
257,1,15
258,1,17
259,1,16
260,1,24
261,1,21
262,1,17
263,1,26
264,1,29
265,1,11
266,1,35
267,1,24
268,1,18
269,1,21
270,1,16
271,1,20
272,1,17
273,1,24
274,1,15
275,1,13
276,1,11
277,1,17
278,1,18
279,1,17
280,1,16
281,1,16
282,1,15
283,1,23
284,1,22
285,1,9
286,1,18
287,1,19
288,1,15
289,1,18
290,1,11
291,1,17
292,1,14
293,1,10
294,1,22
295,1,17
296,1,12
297,1,13
298,1,10
299,1,13
300,1,20
301,1,13
302,1,12
303,1,9
304,1,13
305,1,15
306,1,19
307,1,4
308,1,14
309,1,12
310,1,17
311,1,16
312,1,24
313,1,12
314,1,6
315,1,18
316,1,21
317,1,9
318,1,9
319,1,10
320,1,19
321,1,11
322,1,13
323,1,21
324,1,12
325,1,18
326,1,12
327,1,17
328,1,17
329,1,23
330,1,11
331,1,22
332,1,9
333,1,15
334,1,18
335,1,17
336,1,14
337,1,13
338,1,13
339,1,21
340,1,15
341,1,11
342,1,13
343,1,11
344,1,13
345,1,16
346,1,12
347,1,13
348,1,14
349,1,15
350,1,19
351,1,14
352,1,12
353,1,16
354,1,14
355,1,13
356,1,19
357,1,20
358,1,18
359,1,18
360,1,10
361,1,22
362,1,13
363,1,16
364,1,18
365,1,10
366,1,13
367,1,16
368,1,16
369,1,19
370,1,13
371,1,19
372,1,9
373,1,12
374,1,9
375,1,15
376,1,11
377,1,12
378,1,18
379,1,11
380,1,16
381,1,15
382,1,16
383,1,11
384,1,15
385,1,17
386,1,17
387,1,16
388,1,15
389,1,13
390,1,13
391,1,13
392,1,13
393,1,14
394,1,15
395,1,24
396,1,10
397,1,11
398,1,14
399,1,18
400,1,16
401,1,11
402,1,14
403,1,21
404,1,14
405,1,17
406,1,15
407,1,22
408,1,13
409,1,16
410,1,11
411,1,15
412,1,11
413,1,14
414,1,12
415,1,12
416,1,17
417,1,14
418,1,13
419,1,15
420,1,18
421,1,16
422,1,19
423,1,16
424,1,24
425,1,19
426,1,20
427,1,20
428,1,17
429,1,16
430,1,13
431,1,11
432,1,21
433,1,15
434,1,19
435,1,21
436,1,13
437,1,15
438,1,9
439,1,15
440,1,19
441,1,16
442,1,16
443,1,15
444,1,13
445,1,14
446,1,21
447,1,17
448,1,4
449,1,20
450,1,17
451,1,12
452,1,12
453,1,14
454,1,19
455,1,5
456,1,18
457,1,12
458,1,14
459,1,13
460,1,12
461,1,15
462,1,12
463,1,10
464,1,12
465,1,17
466,1,12
467,1,13
468,1,16
469,1,11
470,1,12
471,1,13
472,1,15
473,1,12
474,1,12
475,1,12
476,1,12
477,1,24
478,1,13
479,1,14
480,1,15
481,1,12
482,1,12
483,1,15
484,1,17
485,1,4
486,1,12
487,1,21
488,1,21
489,1,14
490,1,7
491,1,18
492,1,18
493,1,13
494,1,18
495,1,12
496,1,19
497,1,13
498,1,13
499,1,10
500,1,16
501,1,15
502,1,16
503,1,14
504,1,15
505,1,13
506,1,14
507,1,22
508,1,15
509,1,14
510,1,11
511,1,17
512,1,15
513,1,15
514,1,14
515,1,13
516,1,19
517,1,16
518,1,13
519,1,14
520,1,16
521,1,14
522,1,16
523,1,11
524,1,11
525,1,12
526,1,12
527,1,17
528,1,17
529,1,10
530,1,19
531,1,12
532,1,14
533,1,14
534,1,17
535,1,11
536,1,15
537,1,5
538,1,12
539,1,10
540,1,14
541,1,9
542,1,14
543,1,12
544,1,16
545,1,13
546,1,15
547,1,9
548,1,12
549,1,18
550,1,17
551,1,15
552,1,12
553,1,9
554,1,13
555,1,10
556,1,11
557,1,13
558,1,13
559,1,17
560,1,15
561,1,15
562,1,10
563,1,13
564,1,15
565,1,13
566,1,11
567,1,16
568,1,17
569,1,12
570,1,11
571,1,11
572,1,11
573,1,10
574,1,13
575,1,11
576,1,9
577,1,14
578,1,15
579,1,16
580,1,8
581,1,18
582,1,12
583,1,16
584,1,12
585,1,16
586,1,11
587,1,9
588,1,9
589,1,16
590,1,12
591,1,15
592,1,11
593,1,14
594,1,8
595,1,7
596,1,12
597,1,13
598,1,17
599,1,14
600,1,14
601,1,9
602,1,14
603,1,8
604,1,16
605,1,19
606,1,13
607,1,16
608,1,13
609,1,11
610,1,11
611,1,19
612,1,10
613,1,13
614,1,11
615,1,5
616,1,14
617,1,18
618,1,13
619,1,13
620,1,16
621,1,13
622,1,15
623,1,10
624,1,15
625,1,14
626,1,15
627,1,13
628,1,14
629,1,16
630,1,17
631,1,16
632,1,19
633,1,14
634,1,15
635,1,17
636,1,16
637,1,14
638,1,11
639,1,11
640,1,15
641,1,8
642,1,12
643,1,10
644,1,13
645,1,13
646,1,15
647,1,17
648,1,15
649,1,11
650,1,17
651,1,18
652,1,13
653,1,13
654,1,13
655,1,12
656,1,12
657,1,16
658,1,13
659,1,15
660,1,13
661,1,14
662,1,15
663,1,6
664,1,13
665,1,12
666,1,14
667,1,8
668,1,14
669,1,13
670,1,11
671,1,15
672,1,15
673,1,16
674,1,12
675,1,11
676,1,11
677,1,13
678,1,13
679,1,12
680,1,13
681,1,11
682,1,9
683,1,13
684,1,12
685,1,19
686,1,15
687,1,9
688,1,17
689,1,7
690,1,14
691,1,10
692,1,18
693,1,11
694,1,15
695,1,20
696,1,15
697,1,16
698,1,12
699,1,11
700,1,14
701,1,13
702,1,15
703,1,16
704,1,8
705,1,11
706,1,17
707,1,15
708,1,12
709,1,11
710,1,13
711,1,17
712,1,18
713,1,17
714,1,15
715,1,17
716,1,11
717,1,14
718,1,14
719,1,10
720,1,5
721,1,17
722,1,16
723,1,6
724,1,16
725,1,11
726,1,14
727,1,15
728,1,12
729,1,17
730,1,11
731,1,11
732,1,15
733,1,11
734,1,10
735,1,18
736,1,12
737,1,16
738,1,18
739,1,15
740,1,12
741,1,10
742,1,15
743,1,13
744,1,14
745,1,14
746,1,18
747,1,11
748,1,15
749,1,15
750,1,15
751,1,9
752,1,14
753,1,17
754,1,17
755,1,9
756,1,10
757,1,13
758,1,14
759,1,15
760,1,9
761,1,17
762,1,17
763,1,16
764,1,15
765,1,18
766,1,16
767,1,12
768,1,18
769,1,18
770,1,9
771,1,12
772,1,10
773,1,5
774,1,7
775,1,5
776,1,12
777,1,14
778,1,15
779,1,14
780,1,15
781,1,21
782,1,11
783,1,12
784,1,17
785,1,12
786,1,12
787,1,13
788,1,13
789,1,11
790,1,15
791,1,14
792,1,16
793,1,15
794,1,17
795,1,18
796,1,12
797,1,13
798,1,5
799,1,18
800,1,11
801,1,17
802,1,12
803,1,12
804,1,17
805,1,22
806,1,14
807,1,14
808,1,15
809,1,17
810,1,12
811,1,10
812,1,6
813,1,15
814,1,14
815,1,8
816,1,12
817,1,14
818,1,15
819,1,14
820,1,8
821,1,10
822,1,13
823,1,18
824,1,9
825,1,5
826,1,12
827,1,16
828,1,16
829,1,17
830,1,9
831,1,16
832,1,7
833,1,13
834,1,12
835,1,8
836,1,10
837,1,10
838,1,11
839,1,9
840,1,13
841,1,16
842,1,14
843,1,13
844,1,15
845,1,18
846,1,11
847,1,14
848,1,11
849,1,8
850,1,10
851,1,13
852,1,21
853,1,19
854,1,13
855,1,14
856,1,14
857,1,14
858,1,9
859,1,11
860,1,13
861,1,16
862,1,11
863,1,17
864,1,15
865,1,15
866,1,11
867,1,13
868,1,13
869,1,17
870,1,12
871,1,15
872,1,15
873,1,12
874,1,13
875,1,12
876,1,12
877,1,16
878,1,16
879,1,9
880,1,14
881,1,15
882,1,17
883,1,11
884,1,15
885,1,13
886,1,4
887,1,12
888,1,13
889,1,9
890,1,13
891,1,15
892,1,18
893,1,14
894,1,8
895,1,6
896,1,17
897,1,11
898,1,4
899,1,17
900,1,9
901,1,13
902,1,16
903,1,13
904,1,14
905,1,13
906,1,8
907,1,7
908,1,12
909,1,11
910,1,13
911,1,9
912,1,11
913,1,15
914,1,13
915,1,15
916,1,7
917,1,10
918,1,13
919,1,13
920,1,10
921,1,6
922,1,9
923,1,18
924,1,14
925,1,10
926,1,16
927,1,13
928,1,15
929,1,16
930,1,17
931,1,15
932,1,9
933,1,13
934,1,13
935,1,8
936,1,12
937,1,17
938,1,17
939,1,14
940,1,10
941,1,13
942,1,11
943,1,13
944,1,12
945,1,3
946,1,13
947,1,11
948,1,9
949,1,17
950,1,6
951,1,15
952,1,1
953,1,5
954,1,15
955,1,14
956,1,12
957,1,10
958,1,13
959,1,9
960,1,12
961,1,16
962,1,14
963,1,14
964,1,9
965,1,13
966,1,13
967,1,9
968,1,10
969,1,16
970,1,10
971,1,11
972,1,11
973,1,16
974,1,13
975,1,7
976,1,10
977,1,8
978,1,13
979,1,13
980,1,7
981,1,17
982,1,14
983,1,16
984,1,11
985,1,11
986,1,10
987,1,12
988,1,3
989,1,14
990,1,17
991,1,7
992,1,13
993,1,13
994,1,12
995,1,17
996,1,15
997,1,4
998,1,16
999,1,15
1000,1,9
1001,1,14
1002,1,16
1003,1,14
1004,1,10
1005,1,13
1006,1,9
1007,1,11
1008,1,16
1009,1,13
1010,1,13
1011,1,9
1012,1,10
1013,1,7
1014,1,17
1015,1,15
1016,1,16
1017,1,13
1018,1,6
1019,1,10
1020,1,13
1021,1,10
1022,1,12
1023,1,9
1024,1,10
1025,1,13
1026,1,12
1027,1,7
1028,1,14
1029,1,14
1030,1,13
1031,1,14
1032,1,10
1033,1,10
1034,1,13
1035,1,14
1036,1,14
1037,1,10
1038,1,10
1039,1,14
1040,1,10
1041,1,13
1042,1,14
1043,1,11
1044,1,10
1045,1,12
1046,1,11
1047,1,17
1048,1,11
1049,1,11
1050,1,14
1051,1,13
1052,1,12
1053,1,12
1054,1,14
1055,1,7
1056,1,10
1057,1,14
1058,1,11
1059,1,8
1060,1,10
1061,1,12
1062,1,5
1063,1,12
1064,1,4
1065,1,12
1066,1,9
1067,1,6
1068,1,9
1069,1,9
1070,1,11
1071,1,4
1072,1,11
1073,1,9
1074,1,10
1075,1,14
1076,1,6
1077,1,14
1078,1,14
1079,1,11
1080,1,7
1081,1,8
1082,1,7
1083,1,13
1084,1,7
1085,1,12
1086,1,14
1087,1,13
1088,1,9
1089,1,10
1090,1,11
1091,1,12
1092,1,14
1093,1,8
1094,1,14
1095,1,3
1096,1,7
1097,1,10
1098,1,15
1099,1,8
1100,1,12
1101,1,14
1102,1,8
1103,1,15
1104,1,10
1105,1,9
1106,1,13
1107,1,13
1108,1,7
1109,1,19
1110,1,11
1111,1,13
1112,1,11
1113,1,13
1114,1,7
1115,1,11
1116,1,6
1117,1,13
1118,1,17
1119,1,13
1120,1,13
1121,1,7
1122,1,16
1123,1,12
1124,1,13
1125,1,14
1126,1,13
1127,1,10
1128,1,16
1129,1,14
1130,1,14
1131,1,7
1132,1,10
1133,1,13
1134,1,15
1135,1,17
1136,1,14
1137,1,14
1138,1,16
1139,1,12
1140,1,6
1141,1,16
1142,1,12
1143,1,14
1144,1,15
1145,1,14
1146,1,15
1147,1,17
1148,1,8
1149,1,9
1150,1,20
1151,1,14
1152,1,13
1153,1,11
1154,1,14
1155,1,14
1156,1,17
1157,1,14
1158,1,14
1159,1,10
1160,1,10
1161,1,14
1162,1,13
1163,1,8
1164,1,10
1165,1,15
1166,1,16
1167,1,13
1168,1,12
1169,1,13
1170,1,10
1171,1,14
1172,1,13
1173,1,10
1174,1,17
1175,1,18
1176,1,10
1177,1,15
1178,1,16
1179,1,14
1180,1,11
1181,1,15
1182,1,14
1183,1,15
1184,1,7
1185,1,15
1186,1,11
1187,1,14
1188,1,10
1189,1,11
1190,1,17
1191,1,14
1192,1,15
1193,1,14
1194,1,5
1195,1,10
1196,1,14
1197,1,16
1198,1,4
1199,1,14
1200,1,7
1201,1,13
1202,1,12
1203,1,13
1204,1,14
1205,1,11
1206,1,15
1207,1,22
1208,1,13
1209,1,12
1210,1,16
1211,1,14
1212,1,16
1213,1,13
1214,1,14
1215,1,14
1216,1,12
1217,1,13
1218,1,10
1219,1,15
1220,1,15
1221,1,14
1222,1,13
1223,1,10
1224,1,17
1225,1,11
1226,1,15
1227,1,13
1228,1,4
1229,1,13
1230,1,14
1231,1,10
1232,1,12
1233,1,12
1234,1,16
1235,1,13
1236,1,14
1237,1,16
1238,1,15
1239,1,14
1240,1,12
1241,1,15
1242,1,15
1243,1,17
1244,1,9
1245,1,19
1246,1,10
1247,1,17
1248,1,15
1249,1,13
1250,1,14
1251,1,14
1252,1,16
1253,1,16
1254,1,15
1255,1,10
1256,1,17
1257,1,14
1258,1,15
1259,1,15
1260,1,11
1261,1,13
1262,1,12
1263,1,9
1264,1,12
1265,1,15
1266,1,13
1267,1,13
1268,1,11
1269,1,15
1270,1,12
1271,1,13
1272,1,11
1273,1,4
1274,1,14
1275,1,9
1276,1,15
1277,1,14
1278,1,8
1279,1,15
1280,1,13
1281,1,10
1282,1,17
1283,1,16
1284,1,15
1285,1,11
1286,1,12
1287,1,14
1288,1,11
1289,1,11
1290,1,9
1291,1,14
1292,1,14
1293,1,14
1294,1,14
1295,1,12
1296,1,15
1297,1,9
1298,1,13
1299,1,13
1300,1,15
1301,1,13
1302,1,14
1303,1,14
1304,1,14
1305,1,17
1306,1,12
1307,1,19
1308,1,11
1309,1,13
1310,1,12
1311,1,14
1312,1,11
1313,1,15
1314,1,12
1315,1,9
1316,1,13
1317,1,14
1318,1,11
1319,1,14
1320,1,12
1321,1,15
1322,1,13
1323,1,18
1324,1,9
1325,1,13
1326,1,13
1327,1,14
1328,1,13
1329,1,6
1330,1,14
1331,1,12
1332,1,15
1333,1,7
1334,1,9
1335,1,5
1336,1,13
1337,1,13
1338,1,15
1339,1,6
1340,1,17
1341,1,9
1342,1,13
1343,1,11
1344,1,13
1345,1,15
1346,1,10
1347,1,12
1348,1,10
1349,1,15
1350,1,11
1351,1,10
1352,1,9
1353,1,12
1354,1,5
1355,1,13
1356,1,15
1357,1,16
1358,1,7
1359,1,12
1360,1,17
1361,1,13
1362,1,13
1363,1,13
1364,1,17
1365,1,7
1366,1,8
1367,1,16
1368,1,11
1369,1,16
1370,1,13
1371,1,10
1372,1,16
1373,1,14
1374,1,10
1375,1,14
1376,1,14
1377,1,12
1378,1,11
1379,1,17
1380,1,14
1381,1,14
1382,1,6
1383,1,7
1384,1,14
1385,1,17
1386,1,12
1387,1,11
1388,1,14
1389,1,14
1390,1,13
1391,1,10
1392,1,14
1393,1,7
1394,1,13
1395,1,4
1396,1,10
1397,1,8
1398,1,17
1399,1,10
1400,1,10
1401,1,19
1402,1,14
1403,1,10
1404,1,18
1405,1,7
1406,1,8
1407,1,12
1408,1,15
1409,1,10
1410,1,14
1411,1,11
1412,1,15
1413,1,14
1414,1,12
1415,1,9
1416,1,14
1417,1,12
1418,1,14
1419,1,17
1420,1,20
1421,1,10
1422,1,17
1423,1,8
1424,1,16
1425,1,7
1426,1,9
1427,1,15
1428,1,10
1429,1,12
1430,1,15
1431,1,10
1432,1,9
1433,1,15
1434,1,10
1435,1,11
1436,1,17
1437,1,13
1438,1,14
1439,1,10
1440,1,15
1441,1,12
1442,1,17
1443,1,13
1444,1,9
1445,1,15
1446,1,16
1447,1,12
1448,1,13
1449,1,4
1450,1,11
1451,1,9
1452,1,11
1453,1,12
1454,1,11
1455,1,11
1456,1,6
1457,1,13
1458,1,12
1459,1,12
1460,1,7
1461,1,10
1462,1,15
1463,1,15
1464,1,10
1465,1,9
1466,1,14
1467,1,13
1468,1,14
1469,1,16
1470,1,13
1471,1,14
1472,1,14
1473,1,10
1474,1,13
1475,1,5
1476,1,13
1477,1,14
1478,1,17
1479,1,10
1480,1,10
1481,1,14
1482,1,15
1483,1,7
1484,1,14
1485,1,16
1486,1,17
1487,1,17
1488,1,8
1489,1,13
1490,1,12
1491,1,13
1492,1,13
1493,1,16
1494,1,12
1495,1,14
1496,1,12
1497,1,18
1498,1,14
1499,1,13
1500,1,13
1501,1,8
1502,1,10
1503,1,14
1504,1,14
1505,1,14
1506,1,15
1507,1,18
1508,1,12
1509,1,16
1510,1,12
1511,1,16
1512,1,14
1513,1,15
1514,1,17
1515,1,13
1516,1,15
1517,1,12
1518,1,6
1519,1,15
1520,1,17
1521,1,14
1522,1,10
1523,1,12
1524,1,10
1525,1,15
1526,1,13
1527,1,16
1528,1,16
1529,1,15
1530,1,10
1531,1,6
1532,1,14
1533,1,13
1534,1,13
1535,1,13
1536,1,10
1537,1,17
1538,1,7
1539,1,14
1540,1,15
1541,1,9
1542,1,15
1543,1,11
1544,1,13
1545,1,15
1546,1,10
1547,1,11
1548,1,15
1549,1,12
1550,1,14
1551,1,11
1552,1,12
1553,1,15
1554,1,9
1555,1,18
1556,1,17
1557,1,17
1558,1,14
1559,1,14
1560,1,9
1561,1,17
1562,1,10
1563,1,12
1564,1,10
1565,1,15
1566,1,14
1567,1,13
1568,1,7
1569,1,14
1570,1,17
1571,1,16
1572,1,8
1573,1,13
1574,1,15
1575,1,9
1576,1,11
1577,1,17
1578,1,15
1579,1,13
1580,1,11
1581,1,12
1582,1,12
1583,1,9
1584,1,11
1585,1,12
1586,1,10
1587,1,12
1588,1,10
1589,1,12
1590,1,9
1591,1,8
1592,1,12
1593,1,12
1594,1,11
1595,1,14
1596,1,14
1597,1,15
1598,1,16
1599,1,13
1600,1,14
1601,1,10
1602,1,13
1603,1,12
1604,1,11
1605,1,15
1606,1,12
1607,1,13
1608,1,15
1609,1,11
1610,1,11
1611,1,15
1612,1,9
1613,1,14
1614,1,15
1615,1,13
1616,1,12
1617,1,16
1618,1,13
1619,1,12
1620,1,15
1621,1,17
1622,1,17
1623,1,11
1624,1,13
1625,1,11
1626,1,13
1627,1,17
1628,1,17
1629,1,16
1630,1,13
1631,1,18
1632,1,13
1633,1,14
1634,1,15
1635,1,13
1636,1,12
1637,1,15
1638,1,14
1639,1,17
1640,1,13
1641,1,16
1642,1,17
1643,1,12
1644,1,14
1645,1,16
1646,1,17
1647,1,15
1648,1,15
1649,1,12
1650,1,16
1651,1,14
1652,1,15
1653,1,9
1654,1,13
1655,1,11
1656,1,7
1657,1,12
1658,1,17
1659,1,14
1660,1,11
1661,1,16
1662,1,17
1663,1,15
1664,1,13
1665,1,17
1666,1,16
1667,1,12
1668,1,15
1669,1,9
1670,1,16
1671,1,14
1672,1,9
1673,1,15
1674,1,18
1675,1,13
1676,1,10
1677,1,14
1678,1,12
1679,1,17
1680,1,14
1681,1,16
1682,1,15
1683,1,13
1684,1,16
1685,1,14
1686,1,17
1687,1,14
1688,1,14
1689,1,12
1690,1,14
1691,1,11
1692,1,15
1693,1,13
1694,1,14
1695,1,12
1696,1,16
1697,1,15
1698,1,19
1699,1,16
1700,1,13
1701,1,18
1702,1,12
1703,1,14
1704,1,16
1705,1,13
1706,1,13
1707,1,15
1708,1,17
1709,1,16
1710,1,13
1711,1,17
1712,1,12
1713,1,11
1714,1,17
1715,1,12
1716,1,16
1717,1,14
1718,1,16
1719,1,12
1720,1,15
1721,1,15
1722,1,14
1723,1,17
1724,1,13
1725,1,15
1726,1,15
1727,1,14
1728,1,11
1729,1,12
1730,1,13
1731,1,5
1732,1,13
1733,1,8
1734,1,11
1735,1,12
1736,1,15
1737,1,12
1738,1,13
1739,1,15
1740,1,13
1741,1,13
1742,1,17
1743,1,11
1744,1,14
1745,1,13
1746,1,17
1747,1,17
1748,1,11
1749,1,14
1750,1,16
1751,1,16
1752,1,15
1753,1,13
1754,1,16
1755,1,17
1756,1,11
1757,1,15
1758,1,11
1759,1,14
1760,1,16
1761,1,5
1762,1,10
1763,1,9
1764,1,11
1765,1,13
1766,1,16
1767,1,12
1768,1,16
1769,1,12
1770,1,13
1771,1,14
1772,1,10
1773,1,17
1774,1,8
1775,1,14
1776,1,10
1777,1,11
1778,1,15
1779,1,14
1780,1,14
1781,1,14
1782,1,12
1783,1,16
1784,1,14
1785,1,11
1786,1,8
1787,1,13
1788,1,10
1789,1,16
1790,1,10
1791,1,15
1792,1,16
1793,1,13
1794,1,8
1795,1,13
1796,1,13
1797,1,10
1798,1,18
1799,1,13
1800,1,16
1801,1,15
1802,1,17
1803,1,12
1804,1,13
1805,1,13
1806,1,16
1807,1,13
1808,1,6
1809,1,13
1810,1,10
1811,1,12
1812,1,10
1813,1,17
1814,1,6
1815,1,13
1816,1,16
1817,1,14
1818,1,15
1819,1,14
1820,1,16
1821,1,8
1822,1,14
1823,1,13
1824,1,7
1825,1,13
1826,1,15
1827,1,13
1828,1,7
1829,1,14
1830,1,14
1831,1,11
1832,1,13
1833,1,13
1834,1,15
1835,1,14
1836,1,14
1837,1,13
1838,1,12
1839,1,13
1840,1,16
1841,1,15
1842,1,15
1843,1,13
1844,1,16
1845,1,13
1846,1,14
1847,1,14
1848,1,15
1849,1,17
1850,1,13
1851,1,15
1852,1,13
1853,1,14
1854,1,13
1855,1,15
1856,1,13
1857,1,12
1858,1,15
1859,1,13
1860,1,15
1861,1,14
1862,1,11
1863,1,14
1864,1,12
1865,1,15
1866,1,14
1867,1,13
1868,1,16
1869,1,14
1870,1,9
1871,1,13
1872,1,9
1873,1,12
1874,1,15
1875,1,16
1876,1,13
1877,1,12
1878,1,13
1879,1,15
1880,1,16
1881,1,14
1882,1,13
1883,1,14
1884,1,12
1885,1,14
1886,1,11
1887,1,13
1888,1,12
1889,1,15
1890,1,15
1891,1,17
1892,1,12
1893,1,15
1894,1,14
1895,1,14
1896,1,15
1897,1,17
1898,1,15
1899,1,11
1900,1,13
1901,1,15
1902,1,13
1903,1,18
1904,1,10
1905,1,11
1906,1,13
1907,1,14
1908,1,16
1909,1,12
1910,1,18
1911,1,7
1912,1,16
1913,1,16
1914,1,11
1915,1,13
1916,1,15
1917,1,15
1918,1,16
1919,1,15
1920,1,13
1921,1,5
1922,1,10
1923,1,15
1924,1,14
1925,1,18
1926,1,14
1927,1,16
1928,1,14
1929,1,15
1930,1,12
1931,1,13
1932,1,18
1933,1,14
1934,1,16
1935,1,10
1936,1,14
1937,1,9
1938,1,15
1939,1,9
1940,1,13
1941,1,9
1942,1,13
1943,1,15
1944,1,14
1945,1,12
1946,1,11
1947,1,7
1948,1,12
1949,1,15
1950,1,8
1951,1,12
1952,1,15
1953,1,9
1954,1,10
1955,1,14
1956,1,14
1957,1,7
1958,1,8
1959,1,16
1960,1,10
1961,1,12
1962,1,11
1963,1,15
1964,1,13
1965,1,15
1966,1,12
1967,1,6
1968,1,13
1969,1,15
1970,1,17
1971,1,15
1972,1,13
1973,1,14
1974,1,9
1975,1,10
1976,1,12
1977,1,13
1978,1,13
1979,1,15
1980,1,13
1981,1,10
1982,1,12
1983,1,12
1984,1,12
1985,1,14
1986,1,14
1987,1,10
1988,1,11
1989,1,7
1990,1,13
1991,1,16
1992,1,14
1993,1,14
1994,1,13
1995,1,12
1996,1,17
1997,1,17
1998,1,14
1999,1,16
2000,1,16
2001,1,9
2002,1,14
2003,1,13
2004,1,14
2005,1,15
2006,1,5
2007,1,14
2008,1,12
2009,1,8
2010,1,14
2011,1,17
2012,1,14
2013,1,13
2014,1,12
2015,1,16
2016,1,16
2017,1,5
2018,1,9
2019,1,10
2020,1,15
2021,1,12
2022,1,11
2023,1,12
2024,1,12
2025,1,13
2026,1,15
2027,1,12
2028,1,15
2029,1,11
2030,1,9
2031,1,12
2032,1,14
2033,1,14
2034,1,12
2035,1,14
2036,1,13
2037,1,14
2038,1,17
2039,1,9
2040,1,15
2041,1,15
2042,1,12
2043,1,12
2044,1,15
2045,1,14
2046,1,14
2047,1,12
2048,1,16
2049,1,14
2050,1,14
2051,1,16
2052,1,8
2053,1,15
2054,1,16
2055,1,15
2056,1,11
2057,1,8
2058,1,15
2059,1,8
2060,1,16
2061,1,15
2062,1,6
2063,1,14
2064,1,10
2065,1,11
2066,1,11
2067,1,15
2068,1,14
2069,1,13
2070,1,14
2071,1,15
2072,1,14
2073,1,14
2074,1,11
2075,1,13
2076,1,14
2077,1,12
2078,1,14
2079,1,11
2080,1,15
2081,1,8
2082,1,13
2083,1,12
2084,1,12
2085,1,13
2086,1,11
2087,1,12
2088,1,11
2089,1,10
2090,1,16
2091,1,16
2092,1,18
2093,1,15
2094,1,14
2095,1,13
2096,1,14
2097,1,15
2098,1,15
2099,1,7
2100,1,9
2101,1,13
2102,1,13
2103,1,10
2104,1,14
2105,1,14
2106,1,12
2107,1,11
2108,1,9
2109,1,17
2110,1,14
2111,1,16
2112,1,13
2113,1,12
2114,1,8
2115,1,16
2116,1,14
2117,1,16
2118,1,11
2119,1,13
2120,1,13
2121,1,8
2122,1,11
2123,1,14
2124,1,13
2125,1,14
2126,1,15
2127,1,14
2128,1,12
2129,1,12
2130,1,13
2131,1,14
2132,1,9
2133,1,9
2134,1,15
2135,1,16
2136,1,16
2137,1,15
2138,1,16
2139,1,16
2140,1,14
2141,1,11
2142,1,14
2143,1,12
2144,1,13
2145,1,14
2146,1,10
2147,1,12
2148,1,13
2149,1,11
2150,1,12
2151,1,16
2152,1,15
2153,1,12
2154,1,17
2155,1,12
2156,1,16
2157,1,20
2158,1,16
2159,1,12
2160,1,14
2161,1,13
2162,1,12
2163,1,17
2164,1,13
2165,1,17
2166,1,13
2167,1,13
2168,1,14
2169,1,16
2170,1,11
2171,1,15
2172,1,16
2173,1,17
2174,1,13
2175,1,14
2176,1,16
2177,1,15
2178,1,13
2179,1,16
2180,1,12
2181,1,16
2182,1,15
2183,1,11
2184,1,14
2185,1,13
2186,1,15
2187,1,18
2188,1,14
2189,1,12
2190,1,11
2191,1,13
2192,1,17
2193,1,12
2194,1,11
2195,1,13
2196,1,14
2197,1,13
2198,1,6
2199,1,10
2200,1,13
2201,1,13
2202,1,10
2203,1,14
2204,1,15
2205,1,17
2206,1,12
2207,1,14
2208,1,17
2209,1,14
2210,1,15
2211,1,14
2212,1,14
2213,1,13
2214,1,11
2215,1,16
2216,1,10
2217,1,15
2218,1,13
2219,1,14
2220,1,16
2221,1,17
2222,1,12
2223,1,14
2224,1,11
2225,1,17
2226,1,14
2227,1,15
2228,1,12
2229,1,14
2230,1,12
2231,1,13
2232,1,10
2233,1,12
2234,1,15
2235,1,11
2236,1,17
2237,1,14
2238,1,15
2239,1,14
2240,1,14
2241,1,13
2242,1,13
2243,1,15
2244,1,13
2245,1,15
2246,1,16
2247,1,15
2248,1,14
2249,1,17
2250,1,14
2251,1,14
2252,1,11
2253,1,10
2254,1,10
2255,1,15
2256,1,17
2257,1,15
2258,1,15
2259,1,15
2260,1,16
2261,1,17
2262,1,14
2263,1,15
2264,1,17
2265,1,16
2266,1,12
2267,1,18
2268,1,16
2269,1,14
2270,1,17
2271,1,19
2272,1,9
2273,1,17
2274,1,15
2275,1,17
2276,1,17
2277,1,17
2278,1,15
2279,1,16
2280,1,9
2281,1,19
2282,1,17
2283,1,16
2284,1,12
2285,1,16
2286,1,17
2287,1,17
2288,1,16
2289,1,14
2290,1,13
2291,1,11
2292,1,16
2293,1,14
2294,1,16
2295,1,15
2296,1,11
2297,1,14
2298,1,15
2299,1,11
2300,1,16
2301,1,17
2302,1,16
2303,1,13
2304,1,15
2305,1,15
2306,1,15
2307,1,15
2308,1,17
2309,1,17
2310,1,15
2311,1,16
2312,1,11
2313,1,11
2314,1,15
2315,1,15
2316,1,16
2317,1,14
2318,1,15
2319,1,15
2320,1,16
2321,1,13
2322,1,17
2323,1,15
2324,1,17
2325,1,16
2326,1,16
2327,1,12
2328,1,13
2329,1,14
2330,1,16
2331,1,16
2332,1,15
2333,1,15
2334,1,15
2335,1,18
2336,1,14
2337,1,13
2338,1,14
2339,1,15
2340,1,14
2341,1,14
2342,1,15
2343,1,13
2344,1,15
2345,1,15
2346,1,17
2347,1,15
2348,1,9
2349,1,14
2350,1,11
2351,1,10
2352,1,17
2353,1,14
2354,1,16
2355,1,11
2356,1,12
2357,1,13
2358,1,17
2359,1,16
2360,1,13
2361,1,17
2362,1,17
2363,1,13
2364,1,17
2365,1,18
2366,1,14
2367,1,12
2368,1,18
2369,1,13
2370,1,16
2371,1,17
2372,1,16
2373,1,14
2374,1,16
2375,1,17
2376,1,14
2377,1,16
2378,1,16
2379,1,15
2380,1,16
2381,1,17
2382,1,17
2383,1,15
2384,1,15
2385,1,14
2386,1,17
2387,1,17
2388,1,17
2389,1,17
2390,1,15
2391,1,16
2392,1,14
2393,1,16
2394,1,16
2395,1,15
2396,1,18
2397,1,14
2398,1,13
2399,1,17
2400,1,15
2401,1,15
2402,1,12
2403,1,17
2404,1,15
2405,1,17
2406,1,13
2407,1,15
2408,1,17
2409,1,14
2410,1,14
2411,1,11
2412,1,16
2413,1,16
2414,1,18
2415,1,17
2416,1,17
2417,1,17
2418,1,14
2419,1,15
2420,1,15
2421,1,14
2422,1,14
2423,1,15
2424,1,17
2425,1,15
2426,1,14
2427,1,14
2428,1,13
2429,1,17
2430,1,15
2431,1,15
2432,1,15
2433,1,17
2434,1,15
2435,1,13
2436,1,17
2437,1,10
2438,1,17
2439,1,15
2440,1,17
2441,1,16
2442,1,17
2443,1,16
2444,1,17
2445,1,15
2446,1,17
2447,1,17
2448,1,17
2449,1,14
2450,1,16
2451,1,17
2452,1,17
2453,1,13
2454,1,14
2455,1,14
2456,1,14
2457,1,16
2458,1,15
2459,1,17
2460,1,14
2461,1,17
2462,1,15
2463,1,15
2464,1,14
2465,1,16
2466,1,14
2467,1,14
2468,1,12
2469,1,15
2470,1,17
2471,1,13
2472,1,16
2473,1,13
2474,1,15
2475,1,13
2476,1,14
2477,1,17
2478,1,14
2479,1,13
2480,1,11
2481,1,15
2482,1,15
2483,1,15
2484,1,17
2485,1,13
2486,1,15
2487,1,15
2488,1,17
2489,1,14
2490,1,17
2491,1,18
2492,1,11
2493,1,16
2494,1,10
2495,1,16
2496,1,12
2497,1,14
2498,1,17
2499,1,15
2500,1,17
2501,1,17
2502,1,16
2503,1,13
2504,1,13
2505,1,16
2506,1,14
2507,1,16
2508,1,15
2509,1,16
2510,1,14
2511,1,13
2512,1,13
2513,1,14
2514,1,16
2515,1,14
2516,1,17
2517,1,15
2518,1,13
2519,1,14
2520,1,15
2521,1,12
2522,1,17
2523,1,13
2524,1,16
2525,1,13
2526,1,16
2527,1,14
2528,1,16
2529,1,16
2530,1,13
2531,1,17
2532,1,17
2533,1,14
2534,1,8
2535,1,16
2536,1,15
2537,1,15
2538,1,14
2539,1,15
2540,1,14
2541,1,15
2542,1,13
2543,1,6
2544,1,15
2545,1,12
2546,1,14
2547,1,15
2548,1,14
2549,1,16
2550,1,12
2551,1,14
2552,1,14
2553,1,14
2554,1,14
2555,1,12
2556,1,17
2557,1,16
2558,1,16
2559,1,15
2560,1,13
2561,1,17
2562,1,16
2563,1,17
2564,1,15
2565,1,17
2566,1,6
2567,1,12
2568,1,14
2569,1,15
2570,1,12
2571,1,16
2572,1,16
2573,1,16
2574,1,13
2575,1,14
2576,1,14
2577,1,10
2578,1,17
2579,1,13
2580,1,17
2581,1,15
2582,1,16
2583,1,18
2584,1,17
2585,1,15
2586,1,17
2587,1,14
2588,1,13
2589,1,11
2590,1,14
2591,1,12
2592,1,15
2593,1,16
2594,1,13
2595,1,13
2596,1,15
2597,1,13
2598,1,16
2599,1,14
2600,1,12
2601,1,16
2602,1,16
2603,1,16
2604,1,14
2605,1,10
2606,1,14
2607,1,13
2608,1,14
2609,1,13
2610,1,13
2611,1,15
2612,1,15
2613,1,15
2614,1,13
2615,1,13
2616,1,14
2617,1,15
2618,1,15
2619,1,16
2620,1,17
2621,1,14
2622,1,14
2623,1,17
2624,1,11
2625,1,16
2626,1,15
2627,1,16
2628,1,13
2629,1,15
2630,1,16
2631,1,14
2632,1,16
2633,1,14
2634,1,16
2635,1,14
2636,1,15
2637,1,16
2638,1,17
2639,1,15
2640,1,12
2641,1,14
2642,1,10
2643,1,16
2644,1,14
2645,1,15
2646,1,13
2647,1,16
2648,1,18
2649,1,14
2650,1,14
2651,1,16
2652,1,15
2653,1,15
2654,1,15
2655,1,17
2656,1,16
2657,1,15
2658,1,15
2659,1,15
2660,1,13
2661,1,15
2662,1,15
2663,1,18
2664,1,13
2665,1,10
2666,1,15
2667,1,15
2668,1,17
2669,1,13
2670,1,18
2671,1,13
2672,1,17
2673,1,14
2674,1,17
2675,1,17
2676,1,17
2677,1,15
2678,1,17
2679,1,11
2680,1,10
2681,1,15
2682,1,14
2683,1,13
2684,1,15
2685,1,16
2686,1,14
2687,1,14
2688,1,9
2689,1,14
2690,1,16
2691,1,17
2692,1,14
2693,1,13
2694,1,15
2695,1,14
2696,1,14
2697,1,16
2698,1,15
2699,1,17
2700,1,17
2701,1,14
2702,1,14
2703,1,16
2704,1,10
2705,1,16
2706,1,17
2707,1,15
2708,1,15
2709,1,17
2710,1,17
2711,1,18
2712,1,16
2713,1,11
2714,1,14
2715,1,13
2716,1,13
2717,1,15
2718,1,12
2719,1,15
2720,1,10
2721,1,16
2722,1,11
2723,1,15
2724,1,15
2725,1,16
2726,1,16
2727,1,16
2728,1,17
2729,1,16
2730,1,15
2731,1,12
2732,1,17
2733,1,17
2734,1,16
2735,1,16
2736,1,8
2737,1,16
2738,1,14
2739,1,15
2740,1,13
2741,1,11
2742,1,13
2743,1,17
2744,1,17
2745,1,16
2746,1,17
2747,1,14
2748,1,13
2749,1,13
2750,1,13
2751,1,17
2752,1,14
2753,1,18
2754,1,13
2755,1,13
2756,1,17
2757,1,17
2758,1,13
2759,1,18
2760,1,13
2761,1,14
2762,1,17
2763,1,15
2764,1,16
2765,1,11
2766,1,10
2767,1,11
2768,1,14
2769,1,15
2770,1,12
2771,1,14
2772,1,14
2773,1,13
2774,1,15
2775,1,17
2776,1,11
2777,1,18
2778,1,15
2779,1,10
2780,1,14
2781,1,17
2782,1,14
2783,1,15
2784,1,15
2785,1,14
2786,1,11
2787,1,17
2788,1,14
2789,1,17
2790,1,17
2791,1,14
2792,1,9
2793,1,15
2794,1,11
2795,1,9
2796,1,14
2797,1,11
2798,1,16
2799,1,16
2800,1,13
2801,1,15
2802,1,17
2803,1,17
2804,1,11
2805,1,13
2806,1,9
2807,1,13
2808,1,16
2809,1,16
2810,1,6
2811,1,16
2812,1,16
2813,1,15
2814,1,15
2815,1,12
2816,1,15
2817,1,11
2818,1,16
2819,1,14
2820,1,15
2821,1,16
2822,1,16
2823,1,15
2824,1,18
2825,1,13
2826,1,13
2827,1,17
2828,1,12
2829,1,13
2830,1,10
2831,1,16
2832,1,12
2833,1,13
2834,1,14
2835,1,16
2836,1,14
2837,1,14
2838,1,17
2839,1,13
2840,1,11
2841,1,15
2842,1,13
2843,1,11
2844,1,16
2845,1,17
2846,1,16
2847,1,17
2848,1,15
2849,1,16
2850,1,15
2851,1,15
2852,1,12
2853,1,14
2854,1,16
2855,1,15
2856,1,15
2857,1,16
2858,1,14
2859,1,12
2860,1,10
2861,1,15
2862,1,13
2863,1,14
2864,1,17
2865,1,13
2866,1,14
2867,1,15
2868,1,14
2869,1,16
2870,1,14
2871,1,14
2872,1,14
2873,1,10
2874,1,13
2875,1,15
2876,1,14
2877,1,14
2878,1,15
2879,1,13
2880,1,15
2881,1,16
2882,1,14
2883,1,14
2884,1,14
2885,1,15
2886,1,16
2887,1,14
2888,1,14
2889,1,14
2890,1,14
2891,1,15
2892,1,13
2893,1,10
2894,1,15
2895,1,16
2896,1,13
2897,1,17
2898,1,17
2899,1,15
2900,1,18
2901,1,10
2902,1,15
2903,1,11
2904,1,16
2905,1,15
2906,1,17
2907,1,12
2908,1,14
2909,1,12
2910,1,17
2911,1,13
2912,1,16
2913,1,17
2914,1,11
2915,1,15
2916,1,14
2917,1,14
2918,1,17
2919,1,13
2920,1,16
2921,1,14
2922,1,17
2923,1,15
2924,1,17
2925,1,11
2926,1,9
2927,1,16
2928,1,11
2929,1,15
2930,1,14
2931,1,13
2932,1,14
2933,1,15
2934,1,12
2935,1,8
2936,1,14
2937,1,14
2938,1,9
2939,1,14
2940,1,17
2941,1,16
2942,1,15
2943,1,14
2944,1,16
2945,1,11
2946,1,14
2947,1,13
2948,1,16
2949,1,14
2950,1,15
2951,1,16
2952,1,14
2953,1,14
2954,1,15
2955,1,11
2956,1,12
2957,1,17
2958,1,14
2959,1,14
2960,1,10
2961,1,17
2962,1,17
2963,1,15
2964,1,17
2965,1,14
2966,1,15
2967,1,14
2968,1,14
2969,1,14
2970,1,16
2971,1,18
2972,1,14
2973,1,14
2974,1,17
2975,1,17
2976,1,17
2977,1,17
2978,1,11
2979,1,15
2980,1,9
2981,1,14
2982,1,15
2983,1,16
2984,1,14
2985,1,14
2986,1,11
2987,1,14
2988,1,7
2989,1,16
2990,1,15
2991,1,13
2992,1,13
2993,1,16
2994,1,17
2995,1,11
2996,1,17
2997,1,14
2998,1,17
2999,1,14
3000,1,14
3001,1,10
3002,1,15
3003,1,15
3004,1,12
3005,1,17
3006,1,14
3007,1,10
3008,1,13
3009,1,17
3010,1,9
3011,1,14
3012,1,10
3013,1,14
3014,1,14
3015,1,17
3016,1,13
3017,1,14
3018,1,17
3019,1,12
3020,1,17
3021,1,16
3022,1,12
3023,1,14
3024,1,15
3025,1,16
3026,1,17
3027,1,15
3028,1,14
3029,1,10
3030,1,13
3031,1,14
3032,1,15
3033,1,14
3034,1,15
3035,1,17
3036,1,13
3037,1,14
3038,1,15
3039,1,12
3040,1,14
3041,1,13
3042,1,12
3043,1,17
3044,1,15
3045,1,16
3046,1,17
3047,1,14
3048,1,14
3049,1,14
3050,1,12
3051,1,15
3052,1,13
3053,1,17
3054,1,16
3055,1,13
3056,1,14
3057,1,14
3058,1,16
3059,1,11
3060,1,17
3061,1,14
3062,1,10
3063,1,15
3064,1,17
3065,1,14
3066,1,15
3067,1,17
3068,1,15
3069,1,14
3070,1,12
3071,1,13
3072,1,16
3073,1,12
3074,1,11
3075,1,15
3076,1,11
3077,1,15
3078,1,14
3079,1,17
3080,1,11
3081,1,13
3082,1,17
3083,1,16
3084,1,14
3085,1,17
3086,1,11
3087,1,14
3088,1,13
3089,1,14
3090,1,14
3091,1,12
3092,1,11
3093,1,11
3094,1,16
3095,1,14
3096,1,17
3097,1,16
3098,1,14
3099,1,9
3100,1,9
3101,1,15
3102,1,15
3103,1,13
3104,1,14
3105,1,13
3106,1,13
3107,1,17
3108,1,11
3109,1,12
3110,1,15
3111,1,11
3112,1,14
3113,1,15
3114,1,13
3115,1,11
3116,1,15
3117,1,17
3118,1,12
3119,1,17
3120,1,10
3121,1,12
3122,1,7
3123,1,15
3124,1,15
3125,1,10
3126,1,15
3127,1,13
3128,1,11
3129,1,15
3130,1,12
3131,1,11
3132,1,11
3133,1,14
3134,1,10
3135,1,12
3136,1,16
3137,1,14
3138,1,9
3139,1,15
3140,1,10
3141,1,14
3142,1,13
3143,1,14
3144,1,13
3145,1,11
3146,1,10
3147,1,10
3148,1,15
3149,1,11
3150,1,10
3151,1,12
3152,1,16
3153,1,11
3154,1,13
3155,1,14
3156,1,17
3157,1,14
3158,1,14
3159,1,14
3160,1,15
3161,1,17
3162,1,10
3163,1,11
3164,1,8
3165,1,14
3166,1,16
3167,1,14
3168,1,13
3169,1,15
3170,1,12
3171,1,8
3172,1,14
3173,1,8
3174,1,17
3175,1,14
3176,1,14
3177,1,15
3178,1,15
3179,1,14
3180,1,15
3181,1,13
3182,1,15
3183,1,17
3184,1,7
3185,1,10
3186,1,15
3187,1,17
3188,1,16
3189,1,15
3190,1,14
3191,1,14
3192,1,16
3193,1,12
3194,1,12
3195,1,9
3196,1,14
3197,1,17
3198,1,9
3199,1,17
3200,1,13
3201,1,16
3202,1,10
3203,1,15
3204,1,14
3205,1,12
3206,1,14
3207,1,18
3208,1,17
3209,1,13
3210,1,14
3211,1,16
3212,1,10
3213,1,15
3214,1,14
3215,1,13
3216,1,16
3217,1,16
3218,1,13
3219,1,18
3220,1,10
3221,1,9
3222,1,13
3223,1,17
3224,1,14
3225,1,16
3226,1,12
3227,1,13
3228,1,12
3229,1,8
3230,1,12
3231,1,17
3232,1,14
3233,1,10
3234,1,14
3235,1,15
3236,1,12
3237,1,11
3238,1,13
3239,1,14
3240,1,14
3241,1,12
3242,1,11
3243,1,8
3244,1,13
3245,1,14
3246,1,17
3247,1,16
3248,1,10
3249,1,14
3250,1,14
3251,1,15
3252,1,12
3253,1,11
3254,1,14
3255,1,12
3256,1,17
3257,1,14
3258,1,14
3259,1,12
3260,1,16
3261,1,14
3262,1,14
3263,1,14
3264,1,11
3265,1,12
3266,1,12
3267,1,15
3268,1,12
3269,1,12
3270,1,16
3271,1,15
3272,1,13
3273,1,11
3274,1,11
3275,1,10
3276,1,14
3277,1,13
3278,1,8
3279,1,12
3280,1,14
3281,1,12
3282,1,11
3283,1,15
3284,1,14
3285,1,14
3286,1,17
3287,1,14
3288,1,16
3289,1,17
3290,1,8
3291,1,14
3292,1,17
3293,1,13
3294,1,17
3295,1,9
3296,1,12
3297,1,14
3298,1,16
3299,1,13
3300,1,14
3301,1,15
3302,1,18
3303,1,12
3304,1,14
3305,1,16
3306,1,16
3307,1,17
3308,1,15
3309,1,13
3310,1,16
3311,1,10
3312,1,11
3313,1,13
3314,1,8
3315,1,17
3316,1,15
3317,1,14
3318,1,12
3319,1,16
3320,1,17
3321,1,15
3322,1,15
3323,1,11
3324,1,12
3325,1,13
3326,1,13
3327,1,14
3328,1,11
3329,1,12
3330,1,14
3331,1,16
3332,1,11
3333,1,12
3334,1,14
3335,1,14
3336,1,12
3337,1,13
3338,1,17
3339,1,13
3340,1,14
3341,1,13
3342,1,15
3343,1,12
3344,1,14
3345,1,15
3346,1,16
3347,1,15
3348,1,15
3349,1,15
3350,1,13
3351,1,14
3352,1,12
3353,1,13
3354,1,16
3355,1,13
3356,1,13
3357,1,16
3358,1,14
3359,1,13
3360,1,11
3361,1,13
3362,1,14
3363,1,14
3364,1,15
3365,1,11
3366,1,15
3367,1,15
3368,1,13
3369,1,14
3370,1,12
3371,1,16
3372,1,13
3373,1,12
3374,1,9
3375,1,10
3376,1,11
3377,1,9
3378,1,12
3379,1,16
3380,1,11
3381,1,9
3382,1,9
3383,1,16
3384,1,14
3385,1,15
3386,1,14
3387,1,14
3388,1,14
3389,1,10
3390,1,16
3391,1,15
3392,1,14
3393,1,8
3394,1,12
3395,1,14
3396,1,16
3397,1,12
3398,1,14
3399,1,14
3400,1,14
3401,1,11
3402,1,14
3403,1,17
3404,1,14
3405,1,11
3406,1,16
3407,1,13
3408,1,15
3409,1,14
3410,1,16
3411,1,17
3412,1,11
3413,1,14
3414,1,13
3415,1,13
3416,1,15
3417,1,16
3418,1,12
3419,1,14
3420,1,12
3421,1,14
3422,1,13
3423,1,13
3424,1,15
3425,1,11
3426,1,12
3427,1,15
3428,1,15
3429,1,10
3430,1,10
3431,1,13
3432,1,14
3433,1,13
3434,1,15
3435,1,17
3436,1,14
3437,1,15
3438,1,9
3439,1,17
3440,1,14
3441,1,17
3442,1,14
3443,1,15
3444,1,12
3445,1,15
3446,1,14
3447,1,17
3448,1,17
3449,1,13
3450,1,14
3451,1,15
3452,1,15
3453,1,17
3454,1,15
3455,1,13
3456,1,10
3457,1,14
3458,1,13
3459,1,17
3460,1,16
3461,1,13
3462,1,16
3463,1,11
3464,1,15
3465,1,12
3466,1,7
3467,1,11
3468,1,11
3469,1,14
3470,1,17
3471,1,15
3472,1,14
3473,1,16
3474,1,13
3475,1,15
3476,1,12
3477,1,11
3478,1,15
3479,1,14
3480,1,17
3481,1,15
3482,1,16
3483,1,13
3484,1,17
3485,1,11
3486,1,15
3487,1,10
3488,1,17
3489,1,14
3490,1,15
3491,1,9
3492,1,17
3493,1,7
3494,1,15
3495,1,15
3496,1,10
3497,1,12
3498,1,14
3499,1,14
3500,1,14
3501,1,17
3502,1,13
3503,1,15
3504,1,12
3505,1,14
3506,1,17
3507,1,15
3508,1,8
3509,1,15
3510,1,14
3511,1,12
3512,1,9
3513,1,9
3514,1,15
3515,1,17
3516,1,17
3517,1,17
3518,1,12
3519,1,9
3520,1,16
3521,1,12
3522,1,8
3523,1,15
3524,1,13
3525,1,10
3526,1,16
3527,1,17
3528,1,9
3529,1,15
3530,1,15
3531,1,11
3532,1,15
3533,1,14
3534,1,17
3535,1,14
3536,1,15
3537,1,17
3538,1,9
3539,1,12
3540,1,17
3541,1,18
3542,1,15
3543,1,14
3544,1,16
3545,1,15
3546,1,14
3547,1,15
3548,1,13
3549,1,14
