#{"t_start": 1679442213.4733348, "env_id": null}
r,l,t,ruined grasses
0,120,0.468795,6
0,120,0.85945,31
0,120,1.250399,42
0,120,1.640759,35
0,120,2.031414,32
1,92,2.343937,26
1,69,2.57833,23
0,120,3.000237,20
0,120,3.406518,26
0,120,3.828425,36
0,120,4.251473,16
1,110,4.626502,28
0,120,5.048409,15
0,120,5.470315,29
0,120,5.893363,29
0,120,6.31527,24
0,120,6.753058,27
0,120,9.207324,18
0,120,9.615569,39
0,120,10.023183,18
0,120,10.429485,25
1,80,10.712173,29
0,120,11.134079,41
1,56,11.337274,17
0,120,11.759126,26
0,120,12.181035,20
1,90,12.493561,44
0,120,12.916968,17
0,120,13.340469,16
0,120,13.777953,31
1,50,13.949836,17
0,120,14.387429,25
0,120,14.809322,15
0,120,15.248245,41
0,120,15.686639,42
1,79,15.967911,33
1,56,16.171051,21
1,66,18.439638,21
1,82,18.720918,30
1,112,19.097089,35
1,84,19.393986,21
0,120,19.815893,24
1,74,20.097164,20
1,99,20.487819,31
1,36,20.629721,20
0,120,21.053313,43
1,99,21.397089,32
1,81,21.662734,16
0,120,22.069015,34
1,64,22.28778,27
1,53,22.475295,27
1,63,22.694062,21
1,91,23.022212,30
1,58,23.226484,30
1,94,23.554634,24
1,102,23.914036,33
1,80,24.195308,31
1,104,24.601914,27
1,71,24.883117,20
1,82,25.164439,19
1,70,25.414581,21
0,120,27.901366,22
1,53,28.073563,15
1,99,28.386897,33
1,89,28.683794,30
1,39,28.840056,21
1,100,29.199458,30
1,54,29.386972,30
1,53,29.559117,19
1,71,29.793555,26
1,59,30.027646,29
1,106,30.495318,29
1,74,30.871742,16
1,76,31.153012,24
1,86,31.437521,22
1,75,31.671915,32
1,60,31.875054,20
1,69,32.094071,29
1,46,32.250083,16
1,42,32.375093,13
1,40,32.515728,20
1,29,32.610008,20
1,47,32.766004,16
1,36,32.891109,22
1,39,33.015766,17
1,77,33.281706,26
1,48,33.437664,27
1,93,33.767201,31
1,45,33.925195,21
1,54,34.112447,13
1,74,34.362745,26
1,34,34.487475,12
1,49,34.659676,12
1,73,34.909695,25
1,30,37.021438,13
1,40,37.162073,23
1,34,37.271456,21
1,25,37.365214,12
1,44,37.505849,24
1,65,37.724615,17
1,53,37.927756,25
1,46,38.130897,23
1,63,38.396541,28
1,44,38.554366,12
1,30,38.663749,9
1,68,38.882516,19
1,60,39.101283,20
1,55,39.288797,19
1,30,39.382554,15
1,30,39.491936,12
1,45,39.632573,18
1,45,39.788835,23
1,44,39.930705,11
1,42,40.07134,19
1,42,40.227602,16
1,64,40.446368,27
1,70,40.682126,27
1,56,40.885266,22
1,40,41.025902,8
1,59,41.230268,26
1,29,41.324025,15
1,64,41.558418,21
1,47,41.714679,26
1,44,41.870941,24
1,51,42.058456,18
1,42,42.199091,13
1,53,42.386605,18
1,45,42.54407,18
1,44,42.700332,24
1,46,42.872221,25
1,31,42.981604,11
1,63,43.20037,26
1,35,43.32538,19
1,53,43.512894,28
1,49,43.684782,13
1,46,43.85667,23
1,45,44.014128,20
1,64,46.249838,25
1,29,46.343596,19
1,35,46.468873,18
1,30,46.562676,17
1,35,46.689094,20
1,34,46.79848,19
1,28,46.892281,11
1,44,47.048498,20
1,34,47.173509,8
1,46,47.329823,21
1,39,47.454969,25
1,45,47.611032,20
1,34,47.736053,12
1,36,47.861053,15
1,35,47.970443,21
1,47,48.143837,24
1,33,48.253175,10
1,49,48.425175,18
1,73,48.67508,20
1,41,48.831347,25
1,38,48.957785,19
1,35,49.082803,20
1,25,49.160899,15
1,39,49.301523,21
1,30,49.412383,19
1,32,49.521805,22
1,43,49.678204,21
1,33,49.787407,14
1,25,49.881171,16
1,52,50.068721,22
1,43,50.224949,20
1,31,50.334332,15
1,67,50.568789,32
1,87,50.867096,26
1,46,51.039193,21
1,49,51.210876,23
1,59,51.414176,26
1,37,51.554788,20
1,38,51.695297,23
1,39,51.835922,15
1,42,51.976542,17
1,31,52.087136,14
1,33,52.212402,14
1,29,52.306151,19
1,36,52.446852,11
1,33,52.556202,20
1,44,52.71244,21
1,23,52.806197,15
1,33,52.915581,16
1,28,53.024962,14
1,21,53.102838,16
1,42,53.259362,14
1,23,53.337484,11
1,71,55.621346,28
1,31,55.73073,16
1,53,55.918244,21
1,28,56.012001,17
1,29,56.105758,15
1,26,56.185107,15
1,50,56.356996,24
1,41,56.497631,17
1,38,56.638267,22
1,37,56.763276,17
1,29,56.857033,17
1,37,56.982043,18
1,34,57.107052,12
1,26,57.200809,18
1,21,57.263314,10
1,54,57.450828,18
1,30,57.561418,17
1,24,57.639549,8
1,29,57.748932,11
1,38,57.889568,20
1,27,57.983325,16
1,32,58.092708,20
1,56,58.280222,18
1,26,58.373979,18
1,23,58.45211,11
1,33,58.57712,9
1,36,58.702129,12
1,66,58.93773,13
1,26,59.031487,15
1,35,59.156497,19
1,38,59.281506,17
1,35,59.406516,16
1,40,59.547151,18
1,41,59.704615,20
1,29,59.798372,20
1,31,59.907755,8
1,28,60.017138,17
1,33,60.126522,14
1,31,60.235905,16
1,22,60.315247,13
1,42,60.471508,19
1,27,60.565265,10
1,27,60.659023,14
1,52,60.846537,18
1,30,60.95592,15
1,28,61.049677,19
1,22,61.127808,11
1,26,61.221565,15
1,28,61.330948,13
1,32,61.440332,20
1,21,61.518463,12
1,24,61.596594,13
1,18,61.660304,14
1,31,61.785313,16
1,46,61.941575,23
1,40,62.097837,21
1,24,62.175968,5
1,33,62.300977,4
1,50,62.488492,22
1,28,62.582248,4
1,47,64.778496,20
1,37,64.903802,22
1,102,65.247545,33
1,42,65.388239,19
1,35,65.5133,18
1,19,65.575697,12
1,80,65.858854,34
1,35,65.983874,15
1,35,66.093344,17
1,34,66.218212,16
1,44,66.374474,24
1,40,66.515152,21
1,31,66.60891,17
1,55,66.812027,26
1,66,67.0464,29
1,21,67.110339,11
1,103,67.46974,35
1,61,67.688499,24
1,28,67.782277,18
1,46,67.954365,21
1,40,68.094832,16
1,60,68.297982,20
1,54,68.486668,17
1,75,68.75257,24
1,29,68.86207,15
1,22,68.940098,13
1,20,69.018372,11
1,23,69.096371,17
1,39,69.237022,18
1,24,69.315862,17
1,33,69.44012,16
1,22,69.518341,16
1,30,69.627635,15
1,33,69.737055,23
1,69,69.988544,22
1,22,70.066685,9
1,28,70.160523,18
1,47,70.332317,19
1,33,70.457361,15
1,33,70.566716,18
1,25,70.660475,11
1,24,70.739847,17
1,30,70.84949,14
1,28,70.958938,10
1,50,71.130503,22
1,47,71.303862,17
1,22,71.397578,12
1,31,71.507003,13
1,20,71.569464,10
1,27,71.678901,13
1,48,71.850738,20
1,20,71.928914,13
1,25,74.023623,12
1,28,74.117381,9
1,35,74.24239,13
1,24,74.320521,15
1,21,74.398652,19
1,29,74.492409,4
1,34,74.601792,14
1,22,74.679923,12
1,27,74.77368,17
1,20,74.836185,16
1,60,75.054952,24
1,22,75.133083,12
1,28,75.22684,6
1,21,75.289344,18
1,46,75.461232,21
1,21,75.523737,9
1,24,75.617494,9
1,20,75.679999,10
1,34,75.805008,19
1,34,75.914392,11
1,18,75.976897,13
1,37,76.117532,21
1,25,76.195663,12
1,21,76.273794,18
1,25,76.367551,12
1,22,76.445682,17
1,33,76.555065,17
1,53,76.742579,23
1,29,76.836337,11
1,35,76.961346,22
1,19,77.039477,9
1,23,77.117608,15
1,25,77.195739,18
1,35,77.320748,17
1,31,77.430131,14
1,27,77.539515,13
1,29,77.633272,13
1,31,77.742655,21
1,22,77.820786,15
1,30,77.930169,11
1,29,78.039553,13
1,19,78.102057,11
1,20,78.180188,13
1,23,78.258319,16
1,31,78.367702,12
1,24,78.445833,13
1,23,78.539591,14
1,22,78.617722,15
1,37,78.742731,19
1,27,78.836488,14
1,26,78.9314,12
1,20,79.009531,16
1,34,79.118914,14
1,29,79.228297,13
1,29,79.33768,19
1,26,79.431437,20
1,34,79.540821,18
1,29,79.650204,18
1,23,79.728335,10
1,48,79.900223,22
1,18,79.962728,13
1,19,80.040859,16
1,27,80.134616,18
1,40,80.275251,10
1,25,80.369009,13
1,28,80.478392,16
1,35,80.603401,16
1,33,80.715186,19
1,37,80.855822,13
1,26,80.949579,19
1,18,81.012083,9
1,21,81.090214,12
1,22,81.168345,9
1,24,83.263347,15
1,26,83.357114,11
1,22,83.435245,12
1,30,83.529002,18
1,26,83.622759,11
1,20,83.685264,16
1,26,83.779021,15
1,26,83.872778,16
1,21,83.935283,11
1,36,84.060292,15
1,22,84.138423,17
1,30,84.247806,17
1,22,84.325938,16
1,22,84.388442,15
1,22,84.466573,13
1,23,84.544704,13
1,18,84.607209,13
1,22,84.685339,13
1,32,84.794723,14
1,20,84.872854,15
1,86,85.169751,24
1,21,85.247882,10
1,23,85.326013,11
1,25,85.404144,14
1,27,85.497901,18
1,20,85.576032,16
1,22,85.654163,11
1,24,85.732294,14
1,32,85.841677,21
1,21,85.919808,14
1,28,86.013565,17
1,37,86.154201,15
1,32,86.263584,22
1,20,86.341715,13
1,29,86.435472,16
1,29,86.544855,11
1,42,86.685491,15
1,30,86.794874,11
1,29,86.904258,14
1,22,86.982389,12
1,23,87.060519,12
1,30,87.169903,17
1,24,87.248034,14
1,21,87.326165,13
1,35,87.451174,15
1,26,87.546127,18
1,24,87.624258,16
1,24,87.702389,19
1,30,87.811772,16
1,35,87.936782,24
1,38,88.077417,19
1,62,88.296184,20
1,40,88.43682,20
1,30,88.546203,17
1,38,88.671212,16
1,22,88.764969,13
1,20,88.827474,11
1,50,89.014988,21
1,31,89.124372,15
1,23,89.202503,19
1,50,89.374391,21
1,23,89.468148,13
1,25,89.553638,15
1,24,89.647395,9
1,18,89.7099,15
1,36,89.834909,19
1,32,89.959919,16
1,22,90.03805,16
1,29,90.131807,15
1,24,90.225564,13
1,25,90.320793,14
1,32,90.430176,21
1,22,92.511396,17
1,21,92.589792,4
1,28,92.683552,20
1,18,92.746233,17
1,20,92.808559,12
1,22,92.886693,12
1,19,92.949233,14
1,51,93.136703,19
1,18,93.183586,5
1,26,93.277344,18
1,22,93.355501,12
1,25,93.449281,14
1,23,93.527366,13
1,28,93.621271,12
1,29,93.73053,15
1,22,93.808721,12
1,22,93.873381,10
1,24,93.967523,12
1,23,94.045753,17
1,29,94.154922,12
1,23,94.233342,13
1,30,94.342543,16
1,19,94.404939,11
1,22,94.483126,12
1,28,94.576818,13
1,25,94.670588,15
1,23,94.748716,12
1,20,94.82658,12
1,23,94.904975,12
1,20,94.983161,12
1,62,95.201869,24
1,20,95.264425,13
1,20,95.342509,14
1,23,95.42064,15
1,24,95.514405,12
1,31,95.629872,12
1,22,95.708002,15
1,24,95.786169,17
1,19,95.848658,4
1,22,95.926764,12
1,27,96.035895,21
1,47,96.192435,21
1,19,96.254915,14
1,19,96.333103,7
1,33,96.442426,18
1,29,96.551816,18
1,33,96.66125,13
1,25,96.754956,18
1,27,96.848709,12
1,21,96.926844,19
1,26,97.020593,13
1,32,97.129987,13
1,19,97.192505,10
1,24,97.286305,16
1,29,97.39563,15
1,24,97.473761,16
1,20,97.551897,14
1,25,97.630023,15
1,23,97.723783,13
1,20,97.786387,14
1,37,97.926912,22
1,24,98.005044,15
1,33,98.131742,14
1,23,98.209871,11
1,27,98.303629,17
1,18,98.366192,15
1,23,98.459893,15
1,21,98.538018,14
1,23,98.616319,13
1,24,98.709913,19
1,29,98.803701,16
1,21,98.881799,13
1,24,98.975567,14
1,18,99.038218,16
1,21,99.116327,14
1,43,99.2725,16
1,22,99.350582,11
1,20,99.428718,11
1,21,99.506845,12
1,24,99.584977,12
1,21,99.663153,17
1,23,101.773641,17
1,18,101.836147,10
1,28,101.930225,19
1,22,101.992671,12
1,31,102.10205,14
1,22,102.180227,14
1,23,102.258364,17
1,25,102.336612,11
1,32,102.445826,15
1,20,102.508412,5
1,23,102.586474,12
1,21,102.664826,10
1,21,102.727159,14
1,20,102.789613,9
1,28,102.883372,14
1,25,102.977163,12
1,26,103.072051,16
1,20,103.134812,13
1,24,103.22866,15
1,28,103.322376,9
1,20,103.384831,12
1,26,103.478622,18
1,20,103.541097,17
1,23,103.634848,15
1,22,103.712982,12
1,19,103.775502,9
1,22,103.853622,13
1,19,103.917391,10
1,26,104.011435,11
1,21,104.073907,13
1,23,104.167674,13
1,26,104.245798,17
1,23,104.339559,15
1,22,104.417676,15
1,19,104.480237,10
1,20,104.542781,13
1,21,104.620824,15
1,22,104.698956,13
1,21,104.777087,11
1,20,104.839643,16
1,22,104.917731,17
1,25,105.011502,12
1,19,105.073988,11
1,24,105.167741,11
1,26,105.261639,11
1,24,105.339765,10
1,23,105.417766,13
1,19,105.495885,11
1,22,105.574023,9
1,24,105.652212,14
1,22,105.730344,15
1,24,105.824042,16
1,19,105.888012,8
1,33,105.997461,18
1,21,106.075626,12
1,24,106.169335,16
1,34,106.278694,12
1,23,106.372441,16
1,19,106.434929,11
1,22,106.513059,9
1,24,106.606823,9
1,23,106.684947,16
1,21,106.763087,12
1,20,106.825884,15
1,23,106.903713,11
1,23,106.997524,14
1,20,107.05998,8
1,18,107.12248,7
1,20,107.200673,12
1,18,107.263124,13
1,19,107.325752,17
1,21,107.40376,14
1,18,107.466321,14
1,21,107.544408,9
1,28,107.653773,14
1,20,107.716327,8
1,21,107.794415,16
1,30,107.903798,19
1,18,107.96634,13
1,23,108.044446,16
1,26,108.155345,13
1,23,108.233363,11
1,19,108.295832,11
1,23,108.389592,19
1,25,108.46772,10
1,27,108.577104,13
1,18,108.639651,11
1,18,108.702105,5
1,20,108.780288,14
1,27,108.875469,18
1,29,111.001466,13
1,22,111.079597,13
1,20,111.142411,16
1,24,111.236118,13
1,19,111.298647,15
1,18,111.345514,10
1,20,111.423698,15
1,21,111.486144,14
1,23,111.564421,15
1,20,111.642456,13
1,19,111.704909,14
1,22,111.782784,16
1,30,111.87679,17
1,23,111.954929,16
1,30,112.048775,19
1,19,112.126828,14
1,19,112.189367,15
1,21,112.267461,17
1,20,112.329959,16
1,18,112.392597,14
1,18,112.454959,11
1,19,112.517479,11
1,18,112.579975,15
1,18,112.642492,8
1,23,112.720355,12
1,21,112.798738,10
1,20,112.861291,13
1,29,112.970716,13
1,30,113.081481,15
1,20,113.143923,17
1,19,113.206476,15
1,23,113.284714,11
1,18,113.362797,17
1,22,113.425199,18
1,18,113.487808,13
1,23,113.58147,13
1,22,113.659592,13
1,22,113.737727,12
1,20,113.800267,12
1,22,113.878405,16
1,18,113.940609,13
1,22,114.018989,15
1,21,114.097122,13
1,25,114.19088,14
1,23,114.269016,15
1,21,114.347138,6
1,23,114.425313,13
1,25,114.503152,12
1,23,114.597163,14
1,18,114.659678,8
1,24,114.737799,14
1,18,114.80035,13
1,21,114.878622,11
1,22,114.956568,15
1,20,115.03479,15
1,21,115.097208,16
1,24,115.190953,12
1,27,115.284786,11
1,23,115.362851,11
1,19,115.440979,13
1,21,115.503495,13
1,25,115.597279,12
1,22,115.675415,13
1,20,115.753246,11
1,23,115.831778,9
1,19,115.89413,13
1,18,115.956734,12
1,22,116.034775,19
1,22,116.112905,15
1,22,116.191037,9
1,18,116.268997,17
1,25,116.347338,7
1,19,116.425473,14
1,21,116.487937,10
1,21,116.566065,18
1,18,116.628568,11
1,26,116.722373,15
1,57,116.925507,20
1,23,117.019226,15
1,24,117.097399,16
1,18,117.159852,12
1,21,117.237991,11
1,21,117.316113,14
1,19,117.378842,13
1,33,117.50377,15
1,20,117.581818,16
1,20,117.644315,8
1,21,117.722437,11
1,22,117.800562,17
1,21,117.878667,15
1,18,117.941161,12
1,21,118.019447,11
1,29,118.128676,13
1,27,120.253577,17
1,22,120.333444,18
1,23,120.411575,17
1,23,120.489972,15
1,22,120.552517,17
1,21,120.630611,11
1,21,120.708848,14
1,18,120.755662,14
1,20,120.833784,10
1,24,120.911882,5
1,29,121.005689,17
1,22,121.083792,16
1,19,121.146272,6
1,20,121.208785,16
1,27,121.302554,11
1,26,121.396331,14
1,22,121.474466,15
1,21,121.552592,12
1,20,121.615049,17
1,21,121.693189,11
1,21,121.755427,11
1,21,121.833851,15
1,20,121.911947,11
1,24,121.990084,10
1,22,122.068217,18
1,23,122.146496,12
1,20,122.208894,16
1,22,122.286975,18
1,18,122.349528,15
1,18,122.427621,12
1,19,122.491249,10
1,23,122.569652,15
1,27,122.663448,13
1,18,122.725902,14
1,22,122.804046,14
1,26,122.897866,18
1,20,122.960358,11
1,23,123.054055,15
1,20,123.116565,15
1,25,123.21036,15
1,21,123.272853,9
1,24,123.366588,14
1,25,123.444717,17
1,19,123.522837,17
1,23,123.600975,9
1,22,123.679105,10
1,24,123.757234,13
1,25,123.852129,14
1,22,123.930578,15
1,20,124.008892,9
1,21,124.071164,17
1,26,124.164918,17
1,22,124.243049,16
1,20,124.321176,15
1,20,124.383829,18
1,22,124.461824,16
1,23,124.555678,12
1,29,124.649369,18
1,21,124.7275,18
1,20,124.805637,9
1,23,124.88372,12
1,21,124.961859,10
1,18,125.024398,5
1,19,125.086609,7
1,23,125.165045,5
1,18,125.227538,12
1,20,125.305893,14
1,22,125.383841,15
1,18,125.446269,14
1,20,125.52446,15
1,23,125.602594,21
1,19,125.665034,11
1,23,125.758793,12
1,26,125.852586,17
1,18,125.915045,12
1,23,125.992928,12
1,22,126.072566,13
1,23,126.150956,13
1,20,126.229081,11
1,22,126.307216,15
1,20,126.385383,14
1,18,126.447851,16
1,21,126.5261,15
1,20,126.588535,17
1,25,126.682245,18
1,22,126.760421,12
1,18,126.822991,13
1,20,126.901011,5
1,20,126.979137,18
1,18,127.04193,11
1,18,127.103894,17
1,22,127.182282,12
1,20,127.260572,12
1,18,127.32292,17
1,31,127.432309,22
1,23,129.542873,14
1,22,129.62127,14
1,28,129.715019,15
1,20,129.774914,17
1,19,129.837683,12
1,29,129.947074,10
1,21,130.009691,6
1,22,130.087698,15
1,18,130.150205,14
1,18,130.212712,8
1,21,130.275215,12
1,18,130.337902,14
1,28,130.431517,15
1,19,130.509636,14
1,20,130.572118,8
1,23,130.650244,10
1,19,130.712776,13
1,20,130.790627,18
1,25,130.869007,9
1,18,130.933076,5
1,18,130.995639,12
1,21,131.073703,16
1,21,131.151923,16
1,19,131.214348,17
1,20,131.276904,9
1,20,131.354975,16
1,20,131.417522,7
1,20,131.495691,13
1,21,131.57377,12
1,23,131.651896,8
1,18,131.714431,10
1,18,131.776624,10
1,20,131.839137,11
1,23,131.932894,9
1,20,131.995664,13
1,21,132.073789,16
1,20,132.136292,14
1,20,132.214467,13
1,21,132.292598,15
1,26,132.370717,18
1,18,132.448818,11
1,22,132.511312,14
1,20,132.589507,11
1,20,132.667627,8
1,21,132.730078,10
1,26,132.82388,13
1,25,132.917696,21
1,29,133.026979,19
1,20,133.090482,13
1,20,133.169005,14
1,18,133.231539,14
1,18,133.295224,14
1,24,133.373722,9
1,25,133.467362,11
1,18,133.529867,13
1,23,133.607996,16
1,23,133.686131,11
1,20,133.764263,17
1,23,133.842575,15
1,31,133.951908,15
1,22,134.030061,11
1,24,134.123666,13
1,18,134.186173,13
1,22,134.264301,17
1,19,134.326979,12
1,20,134.404995,15
1,23,134.483072,15
1,20,134.561201,12
1,19,134.623722,13
1,18,134.686211,12
1,21,134.764335,12
1,27,134.858099,16
1,18,134.920661,16
1,28,135.029984,9
1,25,135.124019,14
1,24,135.201925,15
1,23,135.280005,17
1,18,135.344831,11
1,20,135.422941,15
1,19,135.485363,13
1,22,135.563545,4
1,18,135.641673,12
1,24,135.719787,13
1,23,135.797888,9
1,21,135.876099,13
1,18,135.939876,15
1,29,136.049552,18
1,25,136.143275,14
1,18,136.205925,8
1,18,136.268286,6
1,25,136.36204,17
1,20,136.440167,11
1,30,136.549592,4
1,23,136.629382,17
1,24,136.723142,9
1,20,138.817911,13
1,21,138.896051,16
1,22,138.975865,13
1,18,139.038372,14
1,22,139.10094,13
1,19,139.179003,8
1,18,139.241559,7
1,21,139.304012,12
1,20,139.382143,11
1,25,139.460288,13
1,19,139.523034,9
1,18,139.585292,11
1,23,139.663428,15
1,19,139.725958,13
1,22,139.804053,15
1,18,139.866608,7
1,19,139.929062,10
1,20,140.007195,13
1,20,140.069836,13
1,18,140.132206,10
1,23,140.21033,6
1,22,140.288512,9
1,23,140.366645,18
1,20,140.444766,14
1,21,140.523013,10
1,18,140.585362,16
1,24,140.663554,13
1,19,140.726001,15
1,18,140.788546,16
1,18,140.851109,17
1,20,140.930347,15
1,23,141.008759,9
1,23,141.086971,13
1,18,141.149125,13
1,19,141.212021,8
1,27,141.3057,12
1,19,141.38379,17
1,18,141.446271,17
1,22,141.52442,14
1,20,141.587025,10
1,18,141.649424,13
1,24,141.74317,11
1,18,141.805424,13
1,18,141.86793,12
1,20,141.930784,3
1,23,142.024445,13
1,22,142.102623,11
1,22,142.180759,9
1,21,142.243215,17
1,19,142.321341,6
1,18,142.385639,15
1,18,142.448094,1
1,20,142.510652,5
1,20,142.588756,15
1,20,142.651242,14
1,20,142.729376,12
1,23,142.807547,10
1,20,142.885677,13
1,19,142.948144,9
1,20,143.026271,12
1,23,143.1044,16
1,24,143.182578,14
1,20,143.260705,14
1,19,143.323162,9
1,18,143.385715,13
1,20,143.463817,13
1,18,143.526298,9
1,19,143.588817,10
1,18,143.666996,16
1,20,143.729442,10
1,20,143.807613,11
1,24,143.885765,11
1,20,143.956518,16
1,20,144.034916,13
1,19,144.097409,7
1,18,144.160011,10
1,20,144.238048,8
1,18,144.300704,13
1,18,144.363123,13
1,18,144.425602,7
1,23,144.51932,17
1,21,144.582114,14
1,18,144.660013,16
1,20,144.722456,11
1,22,144.800631,11
1,18,144.863163,10
1,23,144.956851,12
1,22,145.035069,3
1,20,145.097478,14
1,22,145.175661,17
1,23,145.269367,7
1,18,145.331884,13
1,19,145.394383,13
1,20,145.472781,12
1,21,145.550689,17
1,18,145.613156,15
1,18,145.675701,4
1,18,145.738161,16
1,18,145.816282,15
1,25,145.894421,9
1,22,145.974124,14
1,20,148.065088,16
1,19,148.127593,14
1,18,148.190365,10
1,18,148.252873,13
1,22,148.331029,9
1,22,148.410704,11
1,23,148.488801,16
1,18,148.551275,13
1,18,148.613929,13
1,19,148.676285,9
1,20,148.738811,10
1,19,148.801297,7
1,18,148.865724,17
1,19,148.92816,15
1,20,149.006178,16
1,18,149.068727,13
1,20,149.131198,6
1,18,149.193737,10
1,20,149.271834,13
1,22,149.334318,10
1,24,149.428097,12
1,21,149.49076,9
1,23,149.584347,10
1,19,149.646888,13
1,22,149.725105,12
1,24,149.803124,7
1,18,149.865673,14
1,21,149.943791,14
1,20,150.006266,13
1,18,150.06882,14
1,24,150.162534,10
1,25,150.240699,10
1,20,150.318833,13
1,19,150.381283,14
1,21,150.459414,14
1,21,150.52194,10
1,20,150.600196,10
1,18,150.66261,14
1,27,150.75632,10
1,22,150.834451,13
1,22,150.913637,14
1,22,150.992185,11
1,30,151.101615,10
1,18,151.16407,12
1,18,151.226623,11
1,20,151.289082,17
1,19,151.367239,11
1,18,151.429842,11
1,19,151.492219,14
1,26,151.586172,13
1,26,151.679783,12
1,19,151.742235,12
1,20,151.82038,14
1,19,151.882622,7
1,19,151.945382,10
1,22,152.023509,14
1,23,152.117271,11
1,23,152.195402,8
1,18,152.258662,10
1,19,152.322497,12
1,20,152.400374,5
1,18,152.462879,12
1,20,152.54101,4
1,21,152.603819,12
1,19,152.681904,9
1,18,152.744399,6
1,25,152.822542,9
1,19,152.900725,9
1,20,152.965124,11
1,18,153.027532,4
1,19,153.10571,11
1,18,153.168176,9
1,18,153.230825,10
1,19,153.293183,14
1,21,153.371048,6
1,21,153.449448,14
1,22,153.527638,14
1,23,153.605743,11
1,22,153.683855,7
1,20,153.762098,8
1,19,153.824474,7
1,20,153.902348,13
1,23,153.982141,7
1,22,154.060264,12
1,23,154.138403,14
1,22,154.216526,13
1,21,154.294714,9
1,20,154.372909,10
1,22,154.450933,11
1,18,154.513432,12
1,18,154.575936,14
1,20,154.654366,8
1,19,154.716576,14
1,19,154.794739,3
1,20,154.857208,7
1,23,154.951111,10
1,18,155.013472,15
1,20,155.091599,8
1,20,155.15421,12
1,22,155.247864,14
1,22,157.342708,8
1,22,157.420839,15
1,23,157.483353,10
1,18,157.545858,9
1,18,157.608362,13
1,34,157.733372,13
1,27,157.811503,7
1,28,157.90526,19
1,19,157.983391,11
1,22,158.061522,13
1,20,158.124027,11
1,18,158.187643,13
1,22,158.265785,7
1,22,158.343915,11
1,21,158.40642,6
1,22,158.484551,13
1,19,158.547056,17
1,20,158.625187,13
1,20,158.687692,13
1,22,158.763283,7
1,20,158.841414,16
1,19,158.903919,12
1,18,158.966424,13
1,20,159.028928,14
1,18,159.091433,13
1,20,159.169564,10
1,18,159.232069,16
1,22,159.310199,14
1,18,159.372704,14
1,22,159.450835,7
1,18,159.51334,10
1,19,159.575845,13
1,22,159.653976,15
1,18,159.71648,17
1,24,159.794611,14
1,20,159.872742,14
1,20,159.935247,16
1,18,159.997752,12
1,22,160.075882,6
1,24,160.16964,16
1,29,160.263397,12
1,20,160.341528,14
1,18,160.404032,15
1,20,160.482163,14
1,18,160.544668,15
1,19,160.607173,17
1,21,160.685303,8
1,20,160.747808,9
1,34,160.872818,20
1,25,160.967686,14
1,22,161.031434,13
1,18,161.109565,11
1,23,161.187696,14
1,18,161.250201,14
1,18,161.312705,17
1,19,161.37521,14
1,20,161.453341,14
1,23,161.531472,10
1,20,161.593976,10
1,18,161.672107,14
1,20,161.734612,13
1,22,161.812743,8
1,20,161.890874,10
1,18,161.953379,15
1,23,162.031509,16
1,27,162.125267,13
1,22,162.203398,12
1,18,162.265902,13
1,18,162.328407,10
1,18,162.390912,14
1,25,162.486388,13
1,19,162.548904,10
1,22,162.627035,17
1,22,162.705166,18
1,19,162.783297,10
1,19,162.845801,15
1,20,162.923932,16
1,18,162.986437,14
1,20,163.048942,11
1,18,163.127073,15
1,18,163.189578,14
1,25,163.267708,15
1,30,163.377092,7
1,19,163.455223,15
1,19,163.517727,11
1,21,163.595858,14
1,22,163.673989,10
1,18,163.736494,11
1,20,163.814625,17
1,20,163.87713,14
1,18,163.939634,15
1,21,164.017765,14
1,24,164.111522,5
1,21,164.189652,10
1,18,164.252158,14
1,21,164.330289,16
1,18,164.392794,4
1,19,164.455299,14
1,19,164.533429,7
1,18,166.614027,13
1,20,166.676532,12
1,18,166.739372,13
1,18,166.801846,14
1,21,166.864336,11
1,18,166.92686,15
1,30,167.036247,22
1,18,167.083111,13
1,20,167.161233,12
1,19,167.223872,16
1,20,167.286274,14
1,18,167.348878,16
1,18,167.411356,13
1,18,167.473779,14
1,24,167.551899,14
1,22,167.630001,12
1,21,167.70822,13
1,20,167.770632,10
1,22,167.848913,15
1,18,167.911272,15
1,18,167.973514,14
1,18,168.03627,13
1,28,168.130042,10
1,18,168.192531,17
1,22,168.272139,11
1,22,168.35024,15
1,20,168.428347,13
1,18,168.490904,4
1,22,168.569007,13
1,18,168.631494,14
1,18,168.693999,10
1,19,168.756503,12
1,20,168.81904,12
1,18,168.897329,16
1,22,168.961063,13
1,22,169.039241,14
1,18,169.101684,16
1,18,169.164249,15
1,20,169.242319,14
1,18,169.304864,12
1,21,169.383045,15
1,21,169.445451,15
1,19,169.523587,17
1,20,169.586097,9
1,25,169.679896,19
1,22,169.75802,10
1,25,169.85174,17
1,18,169.91493,15
1,22,169.992371,13
1,21,170.055039,14
1,22,170.133023,14
1,22,170.211416,16
1,22,170.289273,16
1,20,170.367404,15
1,21,170.445534,10
1,22,170.523662,17
1,21,170.601852,14
1,24,170.67996,15
1,20,170.758062,15
1,20,170.820552,11
1,19,170.883073,13
1,20,170.961253,12
1,21,171.040752,9
1,18,171.103258,12
1,18,171.165809,15
1,19,171.228273,13
1,19,171.306407,13
1,18,171.368956,11
1,18,171.431416,15
1,22,171.509543,12
1,19,171.572052,13
1,19,171.650201,11
1,18,171.712679,4
1,23,171.791,14
1,18,171.853066,9
1,18,171.915571,15
1,21,171.994016,14
1,19,172.065094,8
1,22,172.143275,15
1,18,172.205637,13
1,20,172.283929,10
1,20,172.346273,17
1,20,172.424414,16
1,18,172.486972,15
1,19,172.565051,11
1,20,172.627557,12
1,23,172.70568,14
1,18,172.783862,11
1,18,172.846411,11
1,19,172.908566,9
1,20,172.986997,14
1,21,173.065103,14
1,19,173.127592,14
1,21,173.205723,14
1,21,173.283898,12
1,20,173.362022,15
1,18,173.424486,9
1,27,173.518245,13
1,23,173.596376,13
1,18,173.658622,15
1,18,173.736754,13
1,18,175.81612,14
1,20,175.878625,14
1,20,175.956765,14
1,18,176.01927,17
1,19,176.083007,12
1,20,176.145512,19
1,24,176.223643,11
1,28,176.3174,13
1,27,176.411157,12
1,18,176.47956,14
1,20,176.542076,11
1,20,176.60458,15
1,18,176.667085,12
1,22,176.745216,9
1,19,176.807721,13
1,18,176.870225,14
1,18,176.93273,11
1,18,176.995235,14
1,18,177.05774,12
1,18,177.120245,15
1,18,177.182749,13
1,24,177.276506,18
1,30,177.370263,9
1,18,177.432768,13
1,18,177.495273,13
1,18,177.557778,14
1,18,177.620282,13
1,21,177.698413,6
1,18,177.760918,14
1,20,177.823423,12
1,23,177.91718,15
1,20,177.979685,7
1,20,178.057816,9
1,18,178.12032,5
1,20,178.182825,13
1,22,178.260956,13
1,18,178.323461,15
1,20,178.401592,6
1,32,178.510975,17
1,22,178.589106,9
1,18,178.651611,13
1,18,178.715231,11
1,18,178.777736,13
1,19,178.84203,15
1,18,178.904545,10
1,20,178.982676,12
1,19,179.045181,10
1,18,179.107686,15
1,18,179.17019,11
1,20,179.248321,10
1,18,179.310826,9
1,18,179.373331,12
1,19,179.435835,5
1,22,179.513967,13
1,18,179.576471,15
1,22,179.654602,16
1,18,179.717107,7
1,18,179.779612,12
1,20,179.857743,17
1,21,179.935874,13
1,18,179.998378,13
1,18,180.060883,13
1,20,180.123388,17
1,19,180.201519,7
1,18,180.264023,8
1,22,180.343873,16
1,20,180.406378,11
1,19,180.468882,16
1,21,180.547013,13
1,18,180.609518,10
1,18,180.672023,16
1,18,180.734528,14
1,18,180.797032,10
1,24,180.890789,14
1,22,180.96892,14
1,22,181.048301,12
1,20,181.126443,11
1,18,181.188948,17
1,19,181.251452,14
1,20,181.313957,14
1,18,181.392088,6
1,20,181.454593,7
1,18,181.517097,14
1,18,181.579602,17
1,20,181.657732,12
1,20,181.735864,11
1,20,181.798369,14
1,18,181.860873,14
1,19,181.939004,13
1,25,182.032762,10
1,22,182.126518,14
1,21,182.235901,7
1,19,182.345286,13
1,18,182.423416,4
1,19,182.517173,10
1,21,182.610931,8
1,22,182.720314,17
1,18,182.785708,10
1,20,182.879465,10
1,27,182.973222,19
1,18,183.035728,14
1,18,183.098233,10
1,21,183.176363,18
1,20,185.214272,7
1,20,185.276778,8
1,18,185.339282,12
1,18,185.402097,15
1,18,185.464548,10
1,18,185.511438,14
1,23,185.589566,11
1,20,185.667441,15
1,20,185.729946,14
1,19,185.792451,12
1,30,185.901833,9
1,18,185.964339,14
1,20,186.027135,12
1,18,186.091208,14
1,20,186.153609,17
1,24,186.247107,20
1,19,186.309878,10
1,18,186.372492,17
1,23,186.45051,8
1,21,186.513173,16
1,25,186.606776,7
1,34,186.716175,9
1,19,186.79443,15
1,18,186.841172,10
1,24,186.934978,12
1,22,187.013101,15
1,18,187.07556,10
1,19,187.138109,9
1,24,187.216234,15
1,18,187.278701,10
1,22,187.356828,11
1,20,187.419445,17
1,18,187.481837,13
1,18,187.560016,14
1,18,187.622481,10
1,22,187.685022,15
1,23,187.76315,12
1,19,187.841252,17
1,18,187.903745,13
1,21,187.966996,9
1,19,188.044415,15
1,20,188.106887,16
1,20,188.185169,12
1,19,188.247525,13
1,20,188.311375,4
1,18,188.373889,11
1,20,188.452076,9
1,22,188.530266,11
1,18,188.592659,12
1,18,188.655211,11
1,19,188.717668,11
1,20,188.780235,6
1,18,188.842675,13
1,18,188.905199,12
1,20,188.983436,12
1,20,189.061469,7
1,25,189.139678,10
1,19,189.202119,15
1,20,189.280205,15
1,26,189.374257,10
1,20,189.436472,9
1,18,189.499017,14
1,18,189.577159,13
1,18,189.639601,14
1,23,189.717736,16
1,18,189.780257,13
1,18,189.842746,14
1,18,189.905262,14
1,19,189.967752,10
1,20,190.045885,13
1,19,190.108453,5
1,22,190.186526,13
1,18,190.249074,14
1,21,190.327213,17
1,20,190.405284,10
1,24,190.483454,10
1,30,190.5928,14
1,18,190.655365,15
1,20,190.733443,7
1,20,190.795995,14
1,26,190.889704,16
1,18,190.952211,17
1,18,191.014714,17
1,26,191.109936,8
1,20,191.188211,13
1,18,191.250584,12
1,18,191.313127,13
1,19,191.37533,13
1,24,191.469456,16
1,22,191.547487,12
1,18,191.609723,14
1,18,191.672481,12
1,24,191.766246,18
1,19,191.828741,14
1,20,191.906875,13
1,18,191.969125,13
1,20,192.031882,8
1,18,192.110158,10
1,19,192.172629,14
1,20,192.250653,14
1,18,192.313195,14
1,18,194.376648,15
1,22,194.454789,18
1,18,194.517293,12
1,18,194.579798,16
1,20,194.642303,12
1,19,194.704808,16
1,20,194.782939,14
1,19,194.845443,15
1,18,194.907948,17
1,18,194.954827,13
1,20,195.032958,15
1,20,195.095462,12
1,20,195.157967,6
1,18,195.218333,15
1,18,195.280848,17
1,18,195.343353,14
1,19,195.421484,10
1,18,195.483989,12
1,18,195.546494,10
1,19,195.608998,15
1,18,195.671503,13
1,19,195.734008,16
1,20,195.796512,16
1,18,195.859017,15
1,18,195.921522,10
1,26,196.015279,6
1,18,196.077784,14
1,19,196.140288,13
1,20,196.218419,13
1,20,196.280924,13
1,20,196.359055,10
1,20,196.42156,17
1,24,196.515317,7
1,18,196.577821,14
1,18,196.640326,15
1,24,196.719656,9
1,20,196.797798,15
1,19,196.860303,11
1,20,196.922807,13
1,22,197.000938,15
1,23,197.079069,10
1,18,197.141574,11
1,18,197.219705,15
1,21,197.282746,12
1,21,197.360598,14
1,18,197.423149,11
1,18,197.485605,12
1,18,197.548306,15
1,18,197.610615,9
1,21,197.688747,18
1,18,197.751273,17
1,20,197.813759,17
1,20,197.891883,14
1,18,197.95439,14
1,18,198.016898,9
1,18,198.079521,17
1,23,198.15766,10
1,20,198.235656,12
1,18,198.298212,10
1,18,198.360679,15
1,19,198.423217,14
1,20,198.501309,13
1,19,198.563804,7
1,18,198.626335,14
1,19,198.688823,17
1,23,198.782585,16
1,18,198.845233,8
1,18,198.907591,13
1,20,198.971462,15
1,20,199.049593,9
1,18,199.112098,11
1,20,199.174602,17
1,20,199.252733,15
1,18,199.315238,13
1,19,199.377995,11
1,19,199.456163,12
1,19,199.518636,12
1,19,199.581172,9
1,19,199.659337,11
1,18,199.721774,12
1,18,199.784421,10
1,18,199.846779,12
1,18,199.909338,10
1,18,199.971538,12
1,19,200.049922,9
1,18,200.112559,8
1,19,200.174935,12
1,18,200.237571,12
1,18,200.299937,11
1,18,200.362543,14
1,22,200.440626,14
1,18,200.503131,15
1,18,200.581248,16
1,18,200.643721,13
1,20,200.706267,14
1,20,200.784375,10
1,18,200.846853,13
1,18,200.909405,12
1,19,200.971871,11
1,20,201.050002,15
1,18,201.112545,12
1,18,201.176532,13
1,19,201.25459,15
1,20,201.317036,11
1,18,201.394918,11
1,18,201.457672,15
1,20,201.520226,9
1,19,203.616845,14
1,18,203.663723,15
1,18,203.726597,13
1,18,203.788999,12
1,18,203.8515,16
1,18,203.913999,13
1,18,203.976814,12
1,18,204.03231,15
1,23,204.110703,17
1,18,204.173359,17
1,18,204.235721,11
1,18,204.298259,13
1,18,204.360728,11
1,18,204.423268,13
1,21,204.485739,17
1,20,204.56386,17
1,18,204.610748,16
1,18,204.673287,13
1,20,204.751394,18
1,18,204.81388,13
1,18,204.876397,14
1,20,204.938889,15
1,18,205.001417,13
1,18,205.063899,12
1,18,205.126452,15
1,18,205.18891,14
1,18,205.252163,17
1,20,205.329559,13
1,18,205.392059,16
1,18,205.454649,17
1,18,205.517066,12
1,19,205.579564,14
1,20,205.6577,16
1,19,205.720262,17
1,18,205.782702,15
1,18,205.845256,15
1,18,205.907722,12
1,18,205.970366,16
1,18,206.032732,14
1,18,206.09523,15
1,20,206.173389,9
1,18,206.23696,13
1,18,206.299736,11
1,18,206.362282,7
1,18,206.42475,12
1,19,206.486991,17
1,19,206.565391,14
1,18,206.627878,11
1,18,206.690398,16
1,30,206.785088,17
1,20,206.863492,15
1,20,206.941603,13
1,18,207.004152,17
1,18,207.066655,16
1,18,207.129158,12
1,18,207.191621,15
1,18,207.254183,9
1,22,207.332316,16
1,19,207.394766,14
1,18,207.457315,9
1,22,207.535412,15
1,20,207.613602,18
1,21,207.691722,13
1,20,207.754203,10
1,18,207.816674,14
1,20,207.894804,12
1,23,207.972935,17
1,18,208.035445,14
1,19,208.097938,16
1,19,208.176067,15
1,20,208.238582,13
1,20,208.316709,16
1,18,208.379252,14
1,18,208.441714,17
1,18,208.504374,14
1,19,208.582386,14
1,18,208.644861,12
1,18,208.707443,14
1,18,208.769863,11
1,18,208.832403,15
1,18,208.89488,13
1,18,208.957392,14
1,18,209.021298,12
1,18,209.099487,16
1,20,209.161879,15
1,21,209.240007,19
1,18,209.30254,16
1,18,209.365018,13
1,20,209.443186,18
1,18,209.505705,12
1,18,209.56821,14
1,22,209.646332,16
1,18,209.708791,13
1,18,209.771349,13
1,20,209.849445,15
1,21,209.927677,17
1,18,209.990078,16
1,19,210.06825,13
1,20,210.130703,17
1,20,210.208839,12
1,18,210.27141,11
1,19,210.349478,17
1,19,210.411979,12
1,20,210.490106,16
1,18,210.552616,14
1,20,210.630745,16
1,18,210.693286,12
1,18,210.755747,15
1,18,212.830701,15
1,20,212.908841,14
1,19,212.971713,17
1,18,213.034111,13
1,20,213.096672,15
1,19,213.159117,15
1,18,213.221658,14
1,18,213.284128,11
1,18,213.346662,12
1,18,213.409132,13
1,20,213.471709,5
1,18,213.53414,13
1,18,213.596657,8
1,24,213.674782,11
1,18,213.737341,12
1,23,213.815434,15
1,22,213.893661,12
1,18,213.95724,13
1,18,214.02001,15
1,19,214.082564,13
1,18,214.145018,13
1,18,214.207556,17
1,19,214.285941,11
1,19,214.348151,14
1,18,214.410663,13
1,24,214.488779,17
1,22,214.56691,17
1,22,214.645047,11
1,20,214.70769,14
1,19,214.785675,16
1,19,214.848342,16
1,18,214.910814,15
1,18,214.973347,13
1,18,215.036363,16
1,18,215.097942,17
1,21,215.176374,11
1,20,215.238843,15
1,20,215.316974,11
1,18,215.379495,14
1,18,215.441979,16
1,18,215.504232,5
1,20,215.582629,10
1,18,215.645132,9
1,20,215.707697,11
1,18,215.770126,13
1,19,215.848439,16
1,18,215.910761,12
1,20,215.973318,16
1,21,216.051455,12
1,19,216.114997,13
1,20,216.193425,14
1,23,216.271582,10
1,21,216.349681,17
1,22,216.427781,8
1,24,216.505919,14
1,19,216.584045,10
1,19,216.646707,11
1,18,216.710688,15
1,19,216.773125,14
1,18,216.835716,14
1,18,216.898129,14
1,19,216.976417,12
1,21,217.054434,16
1,18,217.116896,14
1,18,217.179437,11
1,18,217.241905,8
1,20,217.304466,13
1,20,217.38255,10
1,18,217.445051,16
1,19,217.507559,10
1,25,217.601369,15
1,18,217.663816,16
1,19,217.741691,13
1,21,217.804569,8
1,22,217.882596,13
1,18,217.944832,13
1,18,218.023265,10
1,22,218.101386,18
1,19,218.163855,13
1,22,218.241978,16
1,19,218.304503,15
1,22,218.382624,17
1,18,218.460747,12
1,18,218.523406,13
1,19,218.58588,13
1,20,218.663885,16
1,18,218.726444,13
1,23,218.804813,6
1,18,218.867036,13
1,22,218.945162,10
1,19,219.024426,12
1,18,219.086942,10
1,20,219.165374,17
1,27,219.259079,6
1,19,219.321728,13
1,20,219.399855,16
1,19,219.462262,14
1,18,219.524748,15
1,19,219.602606,14
1,20,219.680997,16
1,20,219.743505,8
1,18,219.805997,14
1,22,219.899761,13
1,20,219.96231,7
1,18,220.024769,13
1,20,222.119605,15
1,18,222.18211,13
1,26,222.26025,7
1,18,222.322755,14
1,18,222.38526,14
1,24,222.46339,11
1,27,222.557148,13
1,18,222.619652,13
1,19,222.682157,15
1,18,222.744662,14
1,23,222.822793,14
1,20,222.885297,13
1,20,222.963428,12
1,18,223.010307,13
1,19,223.088438,16
1,18,223.150943,15
1,22,223.213448,15
1,18,223.275952,13
1,22,223.354083,16
1,19,223.416588,13
1,18,223.479092,14
1,18,223.541597,14
1,18,223.604102,15
1,18,223.666607,17
1,18,223.729111,13
1,18,223.791616,15
1,23,223.885373,13
1,20,223.947878,14
1,18,224.011496,13
1,22,224.089639,15
1,18,224.152143,13
1,18,224.214648,12
1,18,224.277153,15
1,18,224.339658,13
1,18,224.402162,15
1,35,224.527172,14
1,18,224.589677,11
1,18,224.652181,14
1,18,224.714686,12
1,18,224.777191,15
1,18,224.839695,14
1,19,224.9022,13
1,20,224.980331,16
1,18,225.042836,14
1,18,225.105341,9
1,19,225.167845,13
1,19,225.246231,9
1,20,225.308762,12
1,19,225.386611,15
1,18,225.449432,16
1,18,225.511877,13
1,19,225.574427,12
1,18,225.636888,13
1,18,225.69943,15
1,18,225.761898,16
1,19,225.840028,14
1,24,225.918162,13
1,21,225.996343,14
1,20,226.058923,12
1,18,226.136915,14
1,18,226.199466,11
1,25,226.277559,13
1,18,226.340072,12
1,18,226.402592,15
1,22,226.480798,15
1,20,226.558833,17
1,20,226.62138,12
1,18,226.699512,15
1,18,226.761972,14
1,18,226.825737,14
1,23,226.904139,15
1,20,226.966695,17
1,18,227.044514,15
1,18,227.107275,11
1,20,227.169791,13
1,22,227.247913,15
1,19,227.326045,13
1,20,227.388568,18
1,19,227.466812,10
1,19,227.529186,11
1,18,227.591708,13
1,21,227.669813,14
1,19,227.732362,16
1,19,227.810498,12
1,46,227.968788,18
1,18,228.03129,7
1,22,228.109466,16
1,18,228.171928,16
1,19,228.250064,11
1,18,228.312568,13
1,20,228.375071,15
1,18,228.4532,15
1,18,228.515803,16
1,18,228.57821,15
1,19,228.640829,13
1,20,228.718833,5
1,18,228.781394,10
1,18,228.859536,15
1,18,228.923578,14
1,20,228.986022,18
1,18,229.048585,14
1,55,229.251847,16
1,25,231.346424,14
1,18,231.408928,15
1,20,231.47183,12
1,20,231.534196,13
1,20,231.612327,18
1,20,231.674922,14
1,20,231.737404,16
1,19,231.799848,10
1,21,231.879611,14
1,18,231.941945,9
1,18,232.004499,15
1,18,232.066704,9
1,19,232.129514,13
1,21,232.19197,9
1,18,232.254511,13
1,18,232.316984,15
1,18,232.379529,14
1,18,232.441983,12
1,18,232.50469,11
1,18,232.566998,7
1,19,232.629548,12
1,20,232.707665,15
1,18,232.77013,8
1,18,232.83265,12
1,18,232.895147,15
1,18,232.957666,9
1,18,233.020149,10
1,22,233.098294,14
1,18,233.160866,14
1,20,233.223304,7
1,18,233.28586,8
1,21,233.363928,16
1,21,233.442065,10
1,21,233.504632,12
1,18,233.567079,11
1,18,233.629623,15
1,19,233.707711,13
1,19,233.770212,15
1,18,233.832875,12
1,19,233.895217,6
1,22,233.973416,13
1,19,234.03698,15
1,20,234.115423,17
1,20,234.177883,15
1,22,234.256013,13
1,18,234.318555,14
1,20,234.396662,9
1,18,234.459158,10
1,21,234.537295,12
1,21,234.61546,13
1,19,234.677946,13
1,18,234.74047,15
1,22,234.818593,13
1,18,234.881062,10
1,18,234.943603,12
1,21,235.021702,12
1,18,235.084195,12
1,19,235.146709,14
1,18,235.209204,14
1,18,235.287339,10
1,18,235.349964,11
1,24,235.42797,7
1,18,235.490538,13
1,18,235.553017,16
1,18,235.615654,14
1,18,235.678021,14
1,18,235.756128,13
1,18,235.818653,12
1,18,235.88113,17
1,20,235.943649,17
1,19,236.021981,14
1,18,236.08427,16
1,18,236.146897,16
1,18,236.209279,9
1,22,236.287569,14
1,42,236.443694,13
1,20,236.506184,14
1,18,236.568691,15
1,20,236.64682,5
1,18,236.709327,14
1,18,236.771886,12
1,18,236.834326,8
1,18,236.89831,14
1,18,236.976472,17
1,18,237.039026,14
1,18,237.10149,13
1,18,237.163952,12
1,18,237.2265,16
1,18,237.288962,16
1,21,237.367084,5
1,28,237.476511,9
1,18,237.538985,10
1,18,237.601633,15
1,18,237.663991,12
1,20,237.74212,11
1,18,237.804672,12
1,20,237.86713,12
1,18,237.945258,13
1,20,238.007762,15
1,21,238.085959,12
1,18,238.148391,15
1,24,238.242161,11
1,18,238.304406,9
1,18,238.367162,12
1,18,238.429732,14
1,18,238.507892,14
1,18,240.572927,12
1,21,240.651058,14
1,19,240.713572,13
1,18,240.776077,14
1,19,240.838582,17
1,18,240.901087,9
1,18,240.963591,15
1,18,241.026096,15
1,18,241.072974,12
1,18,241.135479,12
1,18,241.197984,15
1,18,241.260489,14
1,18,241.322993,14
1,20,241.385498,12
1,20,241.448003,16
1,18,241.510508,14
1,18,241.573012,14
1,18,241.635517,16
1,23,241.713648,8
1,18,241.776153,15
1,20,241.854284,16
1,18,241.916788,15
1,18,241.979293,11
1,19,242.041798,8
1,19,242.104302,15
1,19,242.166807,8
1,18,242.229312,16
1,20,242.307443,15
1,19,242.369947,6
1,19,242.432452,14
1,19,242.496062,10
1,18,242.574204,11
1,18,242.636709,11
1,20,242.699214,15
1,19,242.761719,14
1,18,242.824223,13
1,19,242.886728,14
1,19,242.964859,15
1,18,243.027364,14
1,21,243.105494,14
1,19,243.168,11
1,18,243.230504,13
1,18,243.293009,14
1,18,243.355514,12
1,20,243.418018,14
1,18,243.480523,11
1,18,243.543028,15
1,18,243.621159,8
1,20,243.683663,13
1,18,243.746168,12
1,18,243.808673,12
1,18,243.871177,13
1,18,243.934825,11
1,21,244.012956,12
1,18,244.075461,11
1,18,244.137966,10
1,19,244.20047,16
1,19,244.278601,16
1,20,244.341106,18
1,20,244.419237,15
1,19,244.481742,14
1,18,244.544246,13
1,18,244.606751,14
1,21,244.684882,15
1,20,244.747387,15
1,18,244.825518,7
1,20,244.888022,9
1,18,244.950527,13
1,18,245.013032,13
1,18,245.075536,10
1,19,245.153667,14
1,18,245.216172,14
1,18,245.278677,12
1,18,245.341182,11
1,20,245.403686,9
1,18,245.481817,17
1,18,245.544322,14
1,20,245.606827,16
1,18,245.669332,13
1,18,245.731836,12
1,20,245.809967,8
1,27,245.903724,16
1,18,245.966229,14
1,21,246.04436,16
1,22,246.1236,11
1,18,246.186105,13
1,18,246.24861,13
1,19,246.326741,8
1,20,246.389245,11
1,18,246.45175,14
1,18,246.514255,13
1,18,246.592386,14
1,21,246.65489,15
1,18,246.733021,14
1,18,246.795526,12
1,19,246.858031,12
1,18,246.920535,13
1,20,246.998666,14
1,20,247.061171,9
1,18,247.139302,9
1,18,247.201807,15
1,20,247.264311,16
1,18,247.326816,16
1,18,247.404947,15
1,18,247.467452,16
1,18,247.529957,16
1,21,247.608088,14
1,18,247.670592,11
1,19,247.733097,14
1,19,249.829416,12
1,18,249.891921,13
1,18,249.954425,14
1,20,250.016931,10
1,18,250.079444,12
1,18,250.141949,13
1,19,250.204714,11
1,20,250.267206,12
1,18,250.329844,16
1,20,250.407854,15
1,18,250.470347,12
1,20,250.532858,17
1,18,250.595364,12
1,18,250.657871,16
1,24,250.735854,20
1,18,250.798497,16
1,18,250.861112,12
1,18,250.923514,14
1,18,250.985763,13
1,18,251.048683,12
1,18,251.116577,17
1,18,251.179025,13
1,18,251.241586,17
1,19,251.304043,13
1,18,251.366588,13
1,18,251.429052,14
1,18,251.491709,16
1,18,251.554167,11
1,18,251.616606,15
1,25,251.710326,16
1,18,251.772861,17
1,18,251.835343,13
1,20,251.899097,14
1,18,251.961861,16
1,18,252.024381,15
1,18,252.086614,13
1,20,252.165146,16
1,20,252.227515,12
1,18,252.290047,16
1,18,252.352518,15
1,18,252.415031,11
1,21,252.494628,14
1,20,252.55717,13
1,18,252.635219,15
1,22,252.697467,18
1,18,252.77587,14
1,22,252.854147,12
1,19,252.91649,11
1,18,252.979035,13
1,21,253.057118,17
1,18,253.119674,12
1,19,253.182127,11
1,18,253.244786,13
1,18,253.307145,14
1,21,253.385276,13
1,20,253.447828,6
1,18,253.526196,10
1,18,253.588417,13
1,19,253.65106,13
1,20,253.71342,10
1,18,253.791613,14
1,18,253.854059,15
1,18,253.916604,17
1,18,253.97907,12
1,20,254.041614,14
1,20,254.119751,17
1,18,254.182201,14
1,18,254.244772,15
1,21,254.322861,14
1,18,254.385352,14
1,18,254.447868,13
1,19,254.526074,11
1,19,254.588484,16
1,18,254.651083,10
1,18,254.714952,15
1,18,254.777403,13
1,18,254.8399,14
1,20,254.918068,16
1,18,254.980544,17
1,18,255.043135,12
1,21,255.121171,14
1,20,255.183719,11
1,20,255.261836,17
1,18,255.326371,14
1,18,255.389166,15
1,18,255.451377,12
1,18,255.513901,14
1,20,255.592082,12
1,18,255.654516,13
1,18,255.717056,10
1,19,255.795148,12
1,18,255.857705,15
1,18,255.920166,11
1,20,255.982713,17
1,18,256.060841,14
1,18,256.123301,15
1,18,256.185878,14
1,18,256.248315,14
1,19,256.31085,13
1,19,256.389077,13
1,20,256.451448,15
1,19,256.529632,13
1,19,256.592128,15
1,21,256.670334,16
1,19,256.748358,15
1,18,256.8109,14
1,18,256.873367,17
1,18,256.937372,14
1,18,256.999888,14
1,19,259.063411,11
1,19,259.125925,10
1,19,259.188429,10
1,18,259.250934,15
1,18,259.313439,17
1,20,259.375943,15
1,20,259.438448,15
1,18,259.500953,15
1,18,259.563458,16
1,19,259.625962,17
1,18,259.688468,14
1,20,259.750972,15
1,25,259.844729,17
1,18,259.907234,16
1,18,259.969738,12
1,26,260.047869,18
1,18,260.110374,16
1,18,260.172879,14
1,18,260.235384,17
1,20,260.313514,19
1,18,260.376019,9
1,18,260.438524,17
1,19,260.501029,15
1,18,260.563534,17
1,18,260.626038,17
1,27,260.710773,17
1,19,260.773278,15
1,18,260.835782,16
1,19,260.913913,9
1,22,260.992044,19
1,18,261.054549,17
1,18,261.117054,16
1,20,261.179558,12
1,20,261.257689,16
1,19,261.320194,17
1,18,261.382699,17
1,19,261.445203,16
1,18,261.507708,14
1,18,261.570212,13
1,18,261.632718,11
1,19,261.695222,16
1,18,261.757727,14
1,19,261.835858,16
1,20,261.898363,15
1,18,261.962133,11
1,20,262.040264,14
1,18,262.10276,15
1,18,262.165273,11
1,19,262.227778,16
1,18,262.290283,17
1,18,262.352787,16
1,19,262.415293,13
1,18,262.493423,15
1,18,262.555928,15
1,18,262.618433,15
1,18,262.680937,15
1,20,262.743442,17
1,44,262.899704,17
1,20,262.977835,15
1,18,263.04034,16
1,18,263.102844,11
1,18,263.165349,11
1,18,263.227854,15
1,18,263.290359,15
1,18,263.352863,16
1,21,263.430994,14
1,18,263.493499,15
1,18,263.556004,15
1,18,263.618508,16
1,18,263.681013,13
1,18,263.743518,17
1,18,263.806023,15
1,18,263.884154,17
1,20,263.946658,16
1,18,264.009163,16
1,18,264.071668,12
1,18,264.135297,13
1,19,264.213428,14
1,18,264.275933,16
1,18,264.338438,16
1,20,264.400942,15
1,19,264.479073,15
1,18,264.541578,15
1,20,264.604083,18
1,19,264.682214,14
1,20,264.744718,13
1,18,264.807223,14
1,19,264.885354,15
1,18,264.947859,14
1,19,265.010363,14
1,18,265.072868,15
1,18,265.150999,13
1,18,265.213504,15
1,20,265.276009,15
1,26,265.369766,17
1,18,265.43227,15
1,18,265.494775,9
1,18,265.572906,14
1,18,265.635411,11
1,20,265.697916,10
1,18,265.76042,17
1,18,265.838551,14
1,18,265.901056,16
1,18,265.963561,11
1,18,266.026065,12
1,18,266.08857,13
1,19,266.167862,17
1,18,268.233554,16
1,19,268.296059,13
1,18,268.358873,17
1,19,268.421332,17
1,30,268.530756,13
1,18,268.593214,17
1,20,268.655774,18
1,18,268.71823,14
1,18,268.780785,12
1,20,268.843243,18
1,18,268.905786,13
1,25,268.999498,16
1,18,269.062298,17
1,18,269.124504,16
1,18,269.18728,14
1,18,269.249522,16
1,24,269.327653,17
1,19,269.390435,14
1,18,269.452666,16
1,18,269.515189,16
1,18,269.577672,15
1,20,269.655845,16
1,19,269.719429,17
1,18,269.782194,17
1,18,269.844693,15
1,18,269.907225,15
1,18,269.969743,14
1,19,270.032318,17
1,19,270.09476,17
1,22,270.172967,17
1,34,270.297899,17
1,19,270.360349,15
1,20,270.422908,16
1,18,270.485368,14
1,27,270.594929,16
1,20,270.657257,16
1,18,270.719805,15
1,26,270.81351,18
1,18,270.876042,14
1,18,270.938522,13
1,19,271.001076,17
1,18,271.063535,15
1,20,271.141671,15
1,19,271.204265,12
1,18,271.266684,17
1,22,271.344845,15
1,18,271.407313,17
1,18,271.469985,13
1,18,271.532372,15
1,23,271.626227,17
1,18,271.688585,14
1,18,271.751218,14
1,19,271.813595,11
1,18,271.876224,16
1,18,271.939797,16
1,30,272.049448,18
1,18,272.111999,17
1,18,272.17446,17
1,18,272.236705,17
1,18,272.299458,14
1,18,272.362003,15
1,18,272.424468,15
1,18,272.502599,14
1,18,272.565238,14
1,18,272.627621,15
1,19,272.690256,17
1,21,272.768243,15
1,21,272.846383,14
1,18,272.908931,14
1,18,272.971395,13
1,18,273.03394,17
1,18,273.096402,15
1,18,273.158951,15
1,18,273.221415,15
1,19,273.299549,17
1,20,273.362337,15
1,18,273.424544,13
1,18,273.487074,17
1,18,273.565248,10
1,30,273.658984,17
1,18,273.737079,15
1,21,273.799577,17
1,18,273.862077,16
1,18,273.941337,17
1,18,274.003842,16
1,18,274.066604,17
1,18,274.129139,15
1,19,274.191614,17
1,18,274.269901,17
1,18,274.332244,17
1,19,274.394799,14
1,18,274.457253,16
1,18,274.519977,17
1,18,274.582258,17
1,18,274.660393,13
1,18,274.722947,14
1,18,274.785408,14
1,18,274.847948,14
1,18,274.910415,16
1,18,274.972966,15
1,19,275.051069,17
1,18,275.113292,14
1,18,275.176079,17
1,18,275.254271,15
1,20,275.316698,15
1,18,275.379274,14
1,18,277.475186,16
1,19,277.53769,14
1,18,277.600204,14
1,18,277.662709,12
1,19,277.725214,15
1,18,277.787719,17
1,18,277.850224,13
1,18,277.912728,16
1,18,277.975233,13
1,18,278.022111,15
1,18,278.084616,13
1,18,278.147121,14
1,18,278.209625,17
1,18,278.27213,14
1,19,278.334635,13
1,18,278.39714,11
1,18,278.459645,15
1,18,278.522149,15
1,18,278.584654,15
1,18,278.631532,17
1,18,278.694037,13
1,23,278.787794,15
1,18,278.834673,15
1,18,278.897178,17
1,18,278.959682,14
1,18,279.022187,17
1,20,279.100318,18
1,19,279.163941,11
1,18,279.226446,16
1,18,279.28895,10
1,18,279.351455,16
1,18,279.41396,12
1,18,279.476465,14
1,18,279.53897,17
1,18,279.601474,15
1,18,279.663979,17
1,19,279.726484,17
1,18,279.788989,16
1,18,279.851493,13
1,18,279.929624,13
1,20,280.000003,16
1,19,280.062519,14
1,18,280.125024,16
1,18,280.187528,15
1,18,280.250033,16
1,18,280.312538,14
1,18,280.375042,13
1,18,280.437547,13
1,18,280.500052,14
1,18,280.562557,16
1,20,280.641671,14
1,18,280.7052,17
1,18,280.767704,15
1,19,280.830209,13
1,19,280.892714,14
1,18,280.956359,15
1,18,281.018875,12
1,18,281.08138,17
1,18,281.159511,13
1,18,281.222015,16
1,19,281.28452,13
1,18,281.347025,16
1,18,281.40953,14
1,18,281.472035,16
1,18,281.534539,16
1,18,281.597044,13
1,18,281.659549,17
1,18,281.722053,17
1,18,281.800184,14
1,18,281.862689,8
1,18,281.925194,16
1,18,281.988908,15
1,18,282.051412,15
1,18,282.113917,14
1,18,282.176422,15
1,19,282.238926,14
1,18,282.317058,15
1,21,282.379562,13
1,18,282.442067,6
1,18,282.50576,15
1,19,282.583891,12
1,18,282.646396,14
1,18,282.708901,15
1,18,282.771405,14
1,18,282.83391,16
1,21,282.912041,12
1,20,282.990172,14
1,18,283.052677,14
1,20,283.115181,14
1,21,283.193312,14
1,18,283.255817,12
1,18,283.318322,17
1,21,283.396453,16
1,18,283.458958,16
1,18,283.521462,15
1,18,283.583967,13
1,18,283.646472,17
1,18,283.724603,16
1,18,283.787107,17
1,18,283.849612,15
1,19,283.912117,17
1,18,283.974622,6
1,18,284.052752,12
1,18,284.115257,14
1,18,284.177762,15
1,19,284.240267,12
1,18,284.302772,16
1,19,284.380902,16
1,18,284.443407,16
1,18,284.505912,13
1,18,284.568417,14
1,18,284.646548,14
1,18,286.710305,10
1,24,286.788704,17
1,18,286.851206,13
1,20,286.929453,17
1,22,286.993361,15
1,18,287.055921,16
1,21,287.134048,18
1,22,287.196512,17
1,22,287.274636,15
1,18,287.337142,17
1,21,287.415391,14
1,20,287.47778,13
1,20,287.555958,11
1,23,287.634078,14
1,18,287.696544,12
1,18,287.759087,15
1,18,287.821561,16
1,20,287.884106,13
1,19,287.946566,13
1,24,288.04038,15
1,18,288.102828,13
1,20,288.165327,16
1,18,288.227839,14
1,21,288.306004,12
1,18,288.368465,16
1,19,288.431122,16
1,19,288.494071,16
1,19,288.55573,14
1,18,288.618486,10
1,20,288.696614,14
1,18,288.75915,13
1,18,288.821624,14
1,18,288.88561,13
1,20,288.948205,13
1,20,289.026275,15
1,19,289.088748,15
1,18,289.151405,15
1,19,289.213757,13
1,20,289.291891,13
1,20,289.354391,14
1,21,289.432524,15
1,21,289.510655,15
1,18,289.573169,16
1,21,289.65139,17
1,18,289.713789,14
1,22,289.791957,14
1,20,289.854431,17
1,18,289.916975,11
1,18,289.97944,16
1,18,290.042108,15
1,20,290.120112,16
1,18,290.182581,13
1,20,290.245122,15
1,21,290.323225,16
1,18,290.401393,14
1,18,290.463844,16
1,23,290.542027,14
1,18,290.604488,16
1,18,290.667036,14
1,18,290.729498,15
1,18,290.792046,16
1,20,290.870178,17
1,18,290.932638,15
1,21,291.010769,12
1,19,291.074656,14
1,18,291.136903,10
1,18,291.199665,16
1,18,291.262185,14
1,19,291.324674,15
1,18,291.387175,13
1,19,291.465427,16
1,22,291.543534,18
1,19,291.606117,14
1,18,291.668456,14
1,18,291.730998,16
1,20,291.80913,15
1,19,291.871588,15
1,20,291.949713,15
1,18,292.013632,17
1,20,292.076245,16
1,18,292.138634,15
1,19,292.216511,15
1,20,292.279269,15
1,18,292.341777,13
1,18,292.41991,15
1,19,292.482546,15
1,20,292.560544,18
1,18,292.623096,13
1,18,292.685551,10
1,19,292.748113,15
1,20,292.82619,15
1,18,292.888687,17
1,18,292.951199,13
1,21,293.029429,18
1,20,293.091836,13
1,18,293.170011,17
1,18,293.233056,14
1,22,293.310602,17
1,21,293.388733,17
1,19,293.451239,17
1,18,293.51374,15
1,21,293.591871,17
1,18,293.65439,11
1,18,293.732581,10
1,25,293.810633,15
1,19,295.889754,14
1,18,295.952259,13
1,18,296.014764,15
1,18,296.077527,16
1,18,296.140074,14
1,18,296.202544,14
1,18,296.265221,9
1,18,296.32755,14
1,19,296.390094,16
1,20,296.452555,17
1,18,296.515103,14
1,18,296.578145,13
1,18,296.640113,15
1,18,296.702582,14
1,18,296.749523,14
1,18,296.812012,16
1,20,296.890133,15
1,18,296.937131,17
1,18,296.999472,17
1,20,297.077605,14
1,18,297.14015,14
1,21,297.202623,16
1,18,297.265256,10
1,20,297.343302,16
1,18,297.405757,17
1,20,297.468273,15
1,19,297.546503,15
1,19,297.608901,17
1,18,297.671414,17
1,21,297.749542,18
1,21,297.812089,16
1,18,297.874545,11
1,20,297.952668,14
1,18,298.015221,13
1,18,298.077692,13
1,21,298.140244,15
1,18,298.218313,12
1,18,298.280818,15
1,19,298.343399,10
1,18,298.405828,16
1,18,298.468481,11
1,20,298.530847,15
1,18,298.593361,15
1,18,298.655855,16
1,22,298.73404,16
1,19,298.812151,16
1,18,298.874613,17
1,22,298.95276,16
1,22,299.03088,15
1,19,299.093501,12
1,18,299.155895,17
1,19,299.218405,17
1,19,299.296529,16
1,22,299.374649,16
1,18,299.437199,8
1,18,299.499728,16
1,20,299.562218,14
1,23,299.655931,15
1,18,299.718716,13
1,18,299.78094,11
1,20,299.843504,13
1,18,299.90595,17
1,22,299.985071,17
1,18,300.046577,16
1,18,300.109135,17
1,19,300.18726,14
1,18,300.249726,13
1,20,300.312278,13
1,18,300.39055,13
1,18,300.452864,17
1,18,300.515424,14
1,22,300.593565,18
1,18,300.656002,13
1,19,300.718522,13
1,18,300.781054,17
1,20,300.859188,17
1,21,300.937275,13
1,20,300.999785,18
1,19,301.062318,13
1,19,301.140439,14
1,20,301.202666,17
1,19,301.281096,15
1,22,301.359223,16
1,18,301.421689,11
1,20,301.48423,10
1,18,301.546699,11
1,19,301.624828,14
1,22,301.702704,15
1,20,301.765525,12
1,19,301.843588,14
1,19,301.906143,14
1,18,301.96861,13
1,21,302.04673,15
1,18,302.109282,17
1,18,302.171738,11
1,20,302.249882,18
1,22,302.32801,15
1,20,302.406183,10
1,18,302.468636,14
1,18,302.531296,17
1,18,302.593644,14
1,18,302.656193,15
1,18,302.718654,15
1,18,302.796798,14
1,20,302.859041,11
1,18,302.921795,17
1,18,302.999941,14
1,18,303.062445,17
1,18,305.125992,17
1,19,305.188497,14
1,22,305.266887,9
1,19,305.329552,15
1,21,305.407533,11
1,20,305.470027,9
1,21,305.532573,14
1,18,305.595209,11
1,21,305.673391,16
1,20,305.735679,16
1,22,305.813851,13
1,21,305.876309,15
1,19,305.954556,17
1,18,306.001067,17
1,22,306.080815,11
1,18,306.143349,13
1,20,306.221545,9
1,18,306.283967,13
1,19,306.346472,16
1,20,306.408974,16
1,19,306.471481,6
1,18,306.533984,16
1,20,306.612158,16
1,18,306.674685,15
1,18,306.737167,15
1,18,306.799634,12
1,19,306.86218,15
1,18,306.924631,11
1,23,307.002769,16
1,21,307.080891,14
1,24,307.15903,15
1,18,307.221625,16
1,18,307.28404,16
1,19,307.346543,15
1,20,307.424729,18
1,18,307.48733,13
1,18,307.549685,13
1,20,307.612229,17
1,18,307.674699,12
1,18,307.737236,13
1,18,307.799704,10
1,21,307.877842,16
1,18,307.940395,12
1,18,308.002836,13
1,18,308.065367,14
1,18,308.127846,16
1,18,308.190369,14
1,18,308.252866,14
1,18,308.315372,17
1,20,308.393513,13
1,18,308.456005,11
1,18,308.518569,15
1,18,308.581005,13
1,23,308.659193,11
1,18,308.721649,16
1,21,308.79978,17
1,18,308.862415,16
1,22,308.940418,17
1,20,309.018539,15
1,20,309.081051,16
1,19,309.143548,15
1,18,309.221727,15
1,21,309.284347,12
1,18,309.346697,14
1,18,309.409258,16
1,19,309.48736,15
1,18,309.549829,15
1,20,309.61241,16
1,18,309.674839,14
1,19,309.752711,12
1,33,309.862364,10
1,19,309.940585,15
1,18,310.002996,13
1,18,310.068547,14
1,18,310.131364,17
1,20,310.193565,13
1,18,310.256358,14
1,19,310.334479,15
1,18,310.396966,14
1,21,310.475084,16
1,20,310.537623,14
1,18,310.600137,14
1,18,310.662619,14
1,18,310.72515,10
1,18,310.802986,13
1,18,310.865747,15
1,20,310.928289,14
1,22,311.006386,14
1,22,311.084521,15
1,18,311.148909,13
1,18,311.21171,15
1,18,311.273926,16
1,20,311.352057,14
1,19,311.414657,14
1,19,311.492695,14
1,18,311.555244,15
1,18,311.617702,16
1,18,311.68037,14
1,18,311.742719,14
1,18,311.820586,14
1,18,311.883377,14
1,18,311.945843,15
1,18,312.008384,13
1,20,312.087938,10
1,18,312.150447,15
1,18,312.212684,16
1,18,312.275452,13
1,19,314.34017,17
1,19,314.402675,17
1,18,314.465735,15
1,23,314.543569,18
1,19,314.606082,10
1,18,314.6686,15
1,22,314.746762,11
1,22,314.809264,16
1,19,314.887096,15
1,18,314.934278,17
1,18,314.996737,12
1,18,315.059285,14
1,18,315.121747,12
1,19,315.184295,17
1,19,315.246747,13
1,19,315.309296,16
1,18,315.37176,17
1,18,315.434332,11
1,18,315.496776,15
1,18,315.559314,14
1,19,315.621786,14
1,20,315.699916,17
1,18,315.762437,13
1,18,315.824921,16
1,20,315.887172,14
1,20,315.965709,17
1,18,316.028064,15
1,19,316.090312,17
1,18,316.153073,11
1,20,316.215663,9
1,19,316.293717,16
1,18,316.356361,11
1,18,316.418719,15
1,21,316.482355,14
1,20,316.560756,13
1,18,316.623403,14
1,18,316.685769,15
1,18,316.748317,12
1,18,316.810807,8
1,21,316.888911,14
1,18,316.951434,14
1,19,317.01391,9
1,18,317.078072,14
1,18,317.140766,17
1,20,317.203087,16
1,20,317.281271,15
1,19,317.343723,14
1,18,317.406261,16
1,18,317.468739,11
1,18,317.531297,14
1,18,317.59382,13
1,18,317.656303,16
1,19,317.734439,14
1,20,317.796882,15
1,18,317.859437,16
1,18,317.921891,14
1,18,317.984139,14
1,18,318.046901,15
1,18,318.109484,11
1,18,318.171911,12
1,18,318.250038,17
1,24,318.328163,14
1,18,318.39068,14
1,18,318.452924,10
1,18,318.515898,17
1,18,318.578235,17
1,18,318.640808,15
1,18,318.703239,17
1,19,318.781375,14
1,18,318.843827,15
1,18,318.906509,14
1,18,318.970415,14
1,18,319.032871,14
1,18,319.095411,16
1,22,319.173506,18
1,18,319.236018,14
1,18,319.298517,14
1,18,319.36103,17
1,18,319.43916,17
1,18,319.501704,17
1,20,319.564158,17
1,19,319.642339,11
1,18,319.704798,15
1,18,319.76734,9
1,18,319.829809,14
1,18,319.892361,15
1,18,319.954811,16
1,18,320.017378,14
1,18,320.079829,14
1,18,320.142461,11
1,18,320.204838,14
1,18,320.282972,7
1,18,320.345479,16
1,18,320.407978,15
1,24,320.48611,13
1,20,320.564389,13
1,18,320.626738,16
1,20,320.704872,17
1,18,320.767498,11
1,18,320.829883,17
1,27,320.923915,14
1,18,320.986147,17
1,19,321.064326,14
1,18,321.126786,14
1,18,321.191369,10
1,18,321.253258,15
1,21,321.331397,15
1,19,321.393855,12
1,18,321.471987,17
1,18,323.535623,14
1,18,323.598128,10
1,18,323.660642,13
1,18,323.723146,17
1,18,323.785651,9
1,18,323.848156,14
1,20,323.910661,10
1,18,323.973166,14
1,18,324.03567,14
1,18,324.082549,17
1,18,324.145044,13
1,18,324.207558,14
1,18,324.271174,17
1,18,324.333679,12
1,18,324.396184,17
1,18,324.458689,16
1,18,324.521194,12
1,20,324.583699,14
1,18,324.646203,15
1,18,324.708708,16
1,18,324.771212,17
1,18,324.833717,15
1,18,324.896222,14
1,18,324.958727,10
1,18,325.021231,13
1,18,325.083736,14
1,18,325.146241,15
1,20,325.208746,14
1,18,325.27125,15
1,18,325.333755,17
1,18,325.39626,13
1,18,325.458765,14
1,21,325.536896,15
1,18,325.5994,12
1,18,325.661905,14
1,18,325.72441,13
1,18,325.786914,12
1,18,325.849419,17
1,20,325.911924,15
1,18,325.974429,16
1,18,326.036933,17
1,18,326.099438,14
1,22,326.177569,14
1,18,326.240074,14
1,18,326.302578,12
1,18,326.365083,15
1,18,326.427588,13
1,18,326.490093,17
1,18,326.552598,16
1,18,326.615102,13
1,18,326.677607,14
1,18,326.755738,14
1,18,326.818243,16
1,20,326.880747,11
1,18,326.943252,17
1,24,327.037008,14
1,18,327.099514,10
1,18,327.162019,15
1,18,327.224524,17
1,19,327.287028,14
1,18,327.349533,15
1,18,327.412038,17
1,18,327.475775,15
1,18,327.538291,14
1,18,327.600796,12
1,21,327.678926,13
1,18,327.741431,16
1,19,327.803936,12
1,18,327.866441,11
1,18,327.928946,15
1,18,327.99145,11
1,21,328.069581,15
1,18,328.132086,14
1,18,328.194591,17
1,18,328.257095,11
1,18,328.3196,13
1,19,328.397731,17
1,18,328.460236,16
1,18,328.52274,14
1,18,328.585245,17
1,19,328.64775,11
1,18,328.710255,14
1,19,328.788386,13
1,19,328.85089,14
1,20,328.929021,14
1,18,328.991526,12
1,18,329.054031,11
1,18,329.116536,11
1,19,329.17904,16
1,18,329.241545,14
1,21,329.319676,17
1,20,329.397807,16
1,20,329.460312,14
1,23,329.538442,9
1,21,329.616573,9
1,18,329.680171,15
1,18,329.742687,15
1,19,329.820817,13
1,18,329.883322,14
1,18,329.945827,13
1,18,330.008332,13
1,18,330.070836,17
1,18,330.133341,11
1,18,330.195846,12
1,18,330.273977,15
1,18,330.336481,11
1,19,330.398986,14
1,18,330.461491,15
1,18,330.523995,13
1,18,330.5865,11
1,20,332.667759,15
1,18,332.714637,17
1,18,332.777544,12
1,18,332.839949,17
1,18,332.902461,10
1,20,332.964915,12
1,18,333.027471,7
1,19,333.089932,15
1,18,333.152477,15
1,18,333.214684,10
1,18,333.277481,15
1,18,333.339947,13
1,20,333.4025,11
1,18,333.464955,15
1,20,333.527598,12
1,21,333.58997,11
1,20,333.668103,11
1,18,333.730615,14
1,18,333.777541,10
1,18,333.839991,12
1,18,333.902621,16
1,18,333.966514,14
1,20,334.028969,9
1,19,334.107087,15
1,18,334.169343,10
1,18,334.232102,14
1,18,334.294615,13
1,18,334.357108,14
1,18,334.419617,13
1,18,334.482126,11
1,18,334.544633,10
1,18,334.607125,10
1,18,334.66938,15
1,18,334.732142,11
1,18,334.794695,10
1,18,334.857152,12
1,18,334.919659,16
1,18,334.982156,11
1,22,335.060292,13
1,18,335.123505,14
1,18,335.185035,17
1,18,335.247846,14
1,18,335.310302,14
1,18,335.372817,14
1,18,335.435554,15
1,18,335.497837,17
1,18,335.560487,10
1,19,335.623004,11
1,19,335.700965,8
1,19,335.76352,14
1,20,335.825974,16
1,18,335.904101,14
1,18,335.966614,13
1,18,336.029114,15
1,19,336.091636,12
1,18,336.155239,8
1,18,336.218012,14
1,18,336.280551,8
1,18,336.343022,17
1,18,336.405564,14
1,18,336.468022,14
1,18,336.530581,15
1,19,336.608672,15
1,18,336.670915,14
1,18,336.73395,15
1,18,336.796174,13
1,18,336.859425,15
1,19,336.921184,17
1,19,336.999316,7
1,18,337.061819,10
1,18,337.125787,15
1,18,337.188267,17
1,18,337.250918,16
1,18,337.31327,15
1,18,337.375839,14
1,18,337.43828,14
1,18,337.500871,16
1,18,337.563297,12
1,18,337.625858,12
1,18,337.703675,9
1,18,337.767438,14
1,18,337.828949,17
1,20,337.891598,9
1,18,337.953982,17
1,18,338.016493,13
1,18,338.094627,16
1,20,338.157093,10
1,18,338.21934,15
1,18,338.282103,14
1,20,338.360225,12
1,18,338.422882,14
1,20,338.501,18
1,18,338.563418,17
1,18,338.625877,13
1,22,338.703752,14
1,18,338.766549,16
1,18,338.829019,10
1,19,338.891567,15
1,18,338.969662,14
1,18,339.032151,13
1,18,339.094663,16
1,19,339.157169,16
1,18,339.219416,13
1,20,339.297896,18
1,18,339.361735,10
1,18,339.424204,9
1,18,339.487449,13
1,18,339.565118,17
1,18,339.627344,14
1,18,339.689878,16
1,18,339.752345,12
1,18,339.814852,13
1,18,341.877248,12
1,18,341.939753,8
1,18,341.986641,12
1,20,342.064772,17
1,20,342.128529,14
1,19,342.191034,10
1,22,342.269165,14
1,23,342.347296,15
1,18,342.394175,12
1,18,342.456679,11
1,21,342.536834,13
1,19,342.599339,14
1,18,342.646218,14
1,18,342.708722,12
1,18,342.771227,11
1,18,342.833732,8
1,18,342.896236,13
1,18,342.958741,14
1,21,343.021246,17
1,19,343.08375,16
1,18,343.146255,10
1,18,343.20876,14
1,20,343.271265,14
1,18,343.33377,15
1,18,343.396274,12
1,18,343.458779,11
1,18,343.521284,14
1,18,343.583789,12
1,18,343.646293,17
1,18,343.708798,14
1,18,343.771303,14
1,21,343.85061,12
1,18,343.913115,16
1,18,343.97562,14
1,20,344.038125,14
1,19,344.116256,14
1,20,344.17876,11
1,18,344.241265,12
1,18,344.30377,12
1,18,344.366274,15
1,20,344.444406,12
1,18,344.50691,12
1,18,344.569415,16
1,18,344.63192,15
1,18,344.694424,13
1,18,344.756929,11
1,18,344.819434,11
1,18,344.881939,10
1,20,344.944443,14
1,20,345.022574,13
1,19,345.085079,8
1,18,345.147583,12
1,20,345.225965,14
1,20,345.288521,12
1,20,345.366651,11
1,20,345.429113,15
1,18,345.491652,14
1,23,345.585374,14
1,20,345.648011,17
1,18,345.710379,14
1,21,345.789515,16
1,19,345.851022,17
1,19,345.929142,8
1,18,345.991708,14
1,18,346.055314,17
1,18,346.118076,13
1,23,346.196205,17
1,18,346.258709,9
1,19,346.321218,12
1,20,346.39935,14
1,20,346.46196,16
1,19,346.539983,13
1,18,346.602656,14
1,20,346.664992,15
1,22,346.743115,18
1,18,346.821253,12
1,18,346.884039,14
1,21,346.946264,16
1,25,347.040021,16
1,18,347.102578,17
1,20,347.182109,15
1,18,347.244649,13
1,20,347.307115,16
1,20,347.385251,10
1,18,347.44777,11
1,19,347.510265,13
1,18,347.57277,8
1,18,347.650944,17
1,18,347.713394,15
1,18,347.775945,14
1,18,347.838409,12
1,20,347.916584,16
1,25,347.994722,17
1,22,348.072851,15
1,18,348.135299,15
1,19,348.213429,11
1,19,348.275933,12
1,18,348.338446,13
1,18,348.416621,13
1,18,348.479082,14
1,18,348.541635,11
1,19,348.604092,12
1,18,348.666641,14
1,18,348.744734,16
1,20,348.807234,11
1,20,348.885358,12
1,19,348.949248,14
1,20,351.027274,14
1,18,351.089778,12
1,18,351.154026,13
1,20,351.216433,17
1,18,351.279246,13
1,18,351.341454,14
1,20,351.404236,13
1,20,351.466454,15
1,18,351.529655,12
1,20,351.591463,14
1,18,351.653965,15
1,20,351.716482,16
1,18,351.779142,15
1,19,351.841491,15
1,18,351.904009,15
1,19,351.982124,13
1,18,352.044683,14
1,20,352.107124,12
1,18,352.171034,13
1,18,352.233599,16
1,19,352.296145,13
1,18,352.358593,13
1,20,352.421054,16
1,19,352.499187,14
1,19,352.561738,13
1,19,352.624198,11
1,18,352.686733,13
1,18,352.749199,14
1,18,352.811733,14
1,20,352.874215,15
1,18,352.936768,11
1,18,352.999222,15
1,18,353.061779,15
1,18,353.124226,13
1,19,353.202362,14
1,19,353.2649,12
1,18,353.32738,16
1,18,353.389885,13
1,18,353.452378,12
1,20,353.514885,9
1,22,353.593018,10
1,18,353.655562,11
1,18,353.71803,9
1,18,353.780573,12
1,20,353.85872,16
1,19,353.921172,11
1,18,353.98371,9
1,18,354.046172,9
1,19,354.124302,16
1,20,354.186558,14
1,18,354.249326,15
1,21,354.327442,14
1,18,354.390046,14
1,19,354.452465,14
1,18,354.516332,10
1,19,354.579121,16
1,19,354.657258,15
1,18,354.719459,14
1,18,354.782013,8
1,18,354.844476,12
1,18,354.907048,14
1,20,354.969493,16
1,18,355.047662,12
1,18,355.110123,14
1,19,355.172772,14
1,18,355.235132,14
1,18,355.29769,11
1,19,355.375798,14
1,22,355.453935,17
1,21,355.516399,14
1,20,355.594528,11
1,18,355.657152,16
1,20,355.719588,13
1,19,355.797733,15
1,19,355.86017,14
1,20,355.922812,16
1,20,356.000836,17
1,18,356.06331,11
1,21,356.141442,14
1,18,356.204084,13
1,18,356.26646,13
1,20,356.344635,15
1,23,356.422779,16
1,18,356.485221,12
1,19,356.547776,14
1,20,356.625865,12
1,19,356.688366,14
1,18,356.751616,13
1,23,356.829033,13
1,20,356.907139,15
1,18,356.969681,11
1,18,357.032177,12
1,18,357.094691,15
1,18,357.157151,15
1,18,357.219399,10
1,22,357.297818,10
1,18,357.360292,13
1,19,357.438421,14
1,19,357.500959,13
1,18,357.563425,15
1,18,357.626071,17
1,18,357.688442,14
1,21,357.766612,15
1,19,357.844764,9
1,18,357.907208,17
1,21,357.985342,14
1,18,358.047867,17
1,18,358.110351,14
1,20,360.188365,15
1,18,360.235244,12
1,18,360.299471,15
1,18,360.361976,14
1,20,360.42448,17
1,20,360.502611,17
1,18,360.54949,13
1,18,360.611995,14
1,24,360.690126,15
1,18,360.75263,15
1,18,360.815135,17
1,19,360.87764,15
1,20,360.955771,13
1,18,361.002649,10
1,18,361.065154,14
1,18,361.127659,13
1,19,361.190163,17
1,20,361.268294,16
1,19,361.330799,13
1,22,361.40893,16
1,25,361.487061,11
1,19,361.549566,15
1,18,361.61207,12
1,20,361.690201,7
1,21,361.752706,11
1,20,361.830837,11
1,19,361.893342,14
1,18,361.955846,17
1,21,362.033978,15
1,18,362.096482,14
1,19,362.158987,16
1,19,362.221492,13
1,18,362.283996,15
1,18,362.346501,12
1,18,362.409006,11
1,21,362.487137,15
1,19,362.550745,14
1,20,362.613249,17
1,21,362.69138,15
1,22,362.769511,16
1,18,362.832016,13
1,20,362.905854,17
1,20,362.968359,11
1,18,363.030864,15
1,22,363.108994,10
1,19,363.187124,17
1,18,363.24963,14
1,18,363.312135,15
1,18,363.374639,9
1,18,363.437144,17
1,18,363.499649,7
1,18,363.562154,15
1,19,363.624658,15
1,26,363.718415,10
1,20,363.78092,12
1,21,363.859051,14
1,18,363.922672,14
1,18,363.985187,14
1,18,364.047692,17
1,21,364.125823,13
1,18,364.188328,15
1,20,364.266459,12
1,18,364.328963,14
1,22,364.407094,17
1,19,364.469599,15
1,18,364.532104,8
1,19,364.594609,15
1,18,364.657113,14
1,18,364.719618,12
1,18,364.782123,9
1,19,364.860254,9
1,18,364.922758,15
1,24,365.000889,17
1,18,365.063394,17
1,18,365.125899,17
1,19,365.20403,12
1,18,365.266535,9
1,21,365.344665,16
1,18,365.40717,12
1,18,365.469675,8
1,20,365.53218,15
1,22,365.61031,13
1,18,365.672815,10
1,18,365.73532,16
1,19,365.813451,17
1,18,365.875956,9
1,18,365.93846,15
1,18,366.000965,15
1,22,366.079096,11
1,18,366.142716,15
1,18,366.205221,14
1,18,366.267726,17
1,18,366.33023,14
1,21,366.408361,15
1,19,366.470866,17
1,18,366.548997,9
1,19,366.611502,12
1,19,366.674006,17
1,20,366.752137,18
1,18,366.814642,15
1,18,366.877147,14
1,19,366.939651,16
1,18,367.002156,15
1,18,367.080287,14
1,19,367.142792,15
1,20,367.206529,13
1,18,367.284671,14
